Generation,Solution,Fitness,Parameters,Fittest
0,"""110100010000100010001101""",1.0316400527954102,"(102.0, 1066.0, 25.0, 8.0)",Fittest
0,"""111110010010111001101000""",1.0906269550323486,"(118.0, 1132.0, 39.0, 13.0)",Elite
0,"""110000101101101100101010""",1.151286005973816,"(97.0, 986.0, 40.0, 14.0)",Elite
0,"""111101100010110101110111""",1.4308500289916992,"(117.0, 680.0, 46.0, 16.0)",Population
0,"""110100010000100010001101""",0.965254008769989,"(102.0, 1066.0, 25.0, 8.0)",Population
0,"""101100101111101010011100""",1.6380280256271362,"(91.0, 1041.0, 33.0, 11.0)",Population
0,"""001000000100000101101110""",1.689713954925537,"(33.0, 715.0, 42.0, 14.0)",Population
0,"""111110000011101111110010""",1.9644019603729248,"(118.0, 706.0, 44.0, 15.0)",Population
0,"""001000000100100101101110""",2.28334903717041,"(33.0, 729.0, 42.0, 14.0)",Population
0,"""111110010010111001101000""",1.1602829694747925,"(118.0, 1132.0, 39.0, 13.0)",Population
0,"""100110011000111011011101""",1.7277380228042603,"(80.0, 1302.0, 33.0, 11.0)",Population
0,"""100110011010111011011101""",1.6355559825897217,"(80.0, 1358.0, 33.0, 11.0)",Population
0,"""000110100001001111111011""",1.7372009754180908,"(31.0, 635.0, 48.0, 16.0)",Population
0,"""100110011010111011011101""",1.7304819822311401,"(80.0, 1358.0, 33.0, 11.0)",Population
0,"""110100110010101100000000""",1.4402049779891968,"(103.0, 1126.0, 18.0, 6.0)",Population
0,"""001000101110100100101100""",2.6955389976501465,"(34.0, 1010.0, 41.0, 14.0)",Population
0,"""010010110111011010111111""",3.1079089641571045,"(50.0, 1259.0, 50.0, 17.0)",Population
0,"""000000100010100001010001""",2.0814390182495117,"(21.0, 671.0, 27.0, 9.0)",Population
0,"""110100110010101100001000""",1.1493209600448608,"(103.0, 1126.0, 23.0, 8.0)",Population
0,"""101100101111101010011100""",1.5207959413528442,"(91.0, 1041.0, 33.0, 11.0)",Population
0,"""111110010010111001101000""",1.113569974899292,"(118.0, 1132.0, 39.0, 13.0)",Population
0,"""110000101101101100101010""",1.4050630331039429,"(97.0, 986.0, 40.0, 14.0)",Population
0,"""111110100110111110111101""",1.85213303565979,"(119.0, 797.0, 49.0, 17.0)",Population
0,"""110100110010101100000000""",1.5569109916687012,"(103.0, 1126.0, 18.0, 6.0)",Population
0,"""110100010000100010001101""",0.9346219897270203,"(102.0, 1066.0, 25.0, 8.0)",Population
0,"""101100101101101010011100""",1.5668569803237915,"(91.0, 985.0, 33.0, 11.0)",Population
0,"""011100101110100100101100""",2.285818099975586,"(65.0, 1010.0, 41.0, 14.0)",Population
0,"""100000101101101100101010""",2.057183027267456,"(72.0, 986.0, 40.0, 14.0)",Population
0,"""110100010000100010001101""",0.970058023929596,"(102.0, 1066.0, 25.0, 8.0)",Population
0,"""110100010000100110001101""",0.8828099966049194,"(102.0, 1067.0, 25.0, 8.0)",Population
0,"""110000101101101100101010""",1.386268973350525,"(97.0, 986.0, 40.0, 14.0)",Population
1,"""110100010000100110001101""",0.8828099966049194,"(102.0, 1067.0, 25.0, 8.0)",Fittest
1,"""110100010000100010001101""",0.9346219897270203,"(102.0, 1066.0, 25.0, 8.0)",Elite
1,"""110100010000100010001101""",0.965254008769989,"(102.0, 1066.0, 25.0, 8.0)",Elite
1,"""110100010000100110001001""",0.9238439798355103,"(102.0, 1067.0, 23.0, 8.0)",Population
1,"""110100010001100010001101""",1.1465320587158203,"(102.0, 1094.0, 25.0, 8.0)",Population
1,"""110100010000100010001101""",1.1362340450286865,"(102.0, 1066.0, 25.0, 8.0)",Population
1,"""111110010010111001101000""",1.176800012588501,"(118.0, 1132.0, 39.0, 13.0)",Population
1,"""111110010010111001101000""",1.2095719575881958,"(118.0, 1132.0, 39.0, 13.0)",Population
1,"""110100010001100010001101""",1.0670490264892578,"(102.0, 1094.0, 25.0, 8.0)",Population
1,"""110100010000100010001101""",0.9889879822731018,"(102.0, 1066.0, 25.0, 8.0)",Population
1,"""110100010000100110001101""",0.9577149748802185,"(102.0, 1067.0, 25.0, 8.0)",Population
1,"""101100101111101010011100""",1.225780963897705,"(91.0, 1041.0, 33.0, 11.0)",Population
1,"""110100010000100010001101""",1.1214669942855835,"(102.0, 1066.0, 25.0, 8.0)",Population
1,"""110100010000100010001101""",1.0230239629745483,"(102.0, 1066.0, 25.0, 8.0)",Population
1,"""111110010010111001101000""",1.1788549423217773,"(118.0, 1132.0, 39.0, 13.0)",Population
1,"""110100010000100010001101""",0.9725059866905212,"(102.0, 1066.0, 25.0, 8.0)",Population
1,"""110100010000100110001101""",1.1639020442962646,"(102.0, 1067.0, 25.0, 8.0)",Population
1,"""110100010010100010001101""",1.0859169960021973,"(102.0, 1122.0, 25.0, 8.0)",Population
1,"""111110010000111001101001""",1.0527000427246094,"(118.0, 1076.0, 39.0, 13.0)",Population
1,"""110100010000100110001101""",1.0231419801712036,"(102.0, 1067.0, 25.0, 8.0)",Population
1,"""110100010000100010001101""",0.8815720081329346,"(102.0, 1066.0, 25.0, 8.0)",Population
1,"""110000101101101100101010""",1.6775469779968262,"(97.0, 986.0, 40.0, 14.0)",Population
1,"""110100110010101100001000""",0.8055430054664612,"(103.0, 1126.0, 23.0, 8.0)",Population
1,"""110000101101101100101010""",1.4566800594329834,"(97.0, 986.0, 40.0, 14.0)",Population
1,"""101100101111101110011100""",1.4709620475769043,"(91.0, 1043.0, 33.0, 11.0)",Population
1,"""110100010000100010001101""",1.0202820301055908,"(102.0, 1066.0, 25.0, 8.0)",Population
1,"""110100110010101100000000""",1.4769940376281738,"(103.0, 1126.0, 18.0, 6.0)",Population
1,"""111110010010111001101000""",1.1593010425567627,"(118.0, 1132.0, 39.0, 13.0)",Population
1,"""101101100010110101110111""",1.9697810411453247,"(92.0, 680.0, 46.0, 16.0)",Population
1,"""110000101101101100101010""",1.7427550554275513,"(97.0, 986.0, 40.0, 14.0)",Population
1,"""110100110010101100000000""",1.4263639450073242,"(103.0, 1126.0, 18.0, 6.0)",Population
2,"""110100110010101100001000""",0.8055430054664612,"(103.0, 1126.0, 23.0, 8.0)",Fittest
2,"""110100010000100010001101""",0.8815720081329346,"(102.0, 1066.0, 25.0, 8.0)",Elite
2,"""110100010000100110001101""",0.8828099966049194,"(102.0, 1067.0, 25.0, 8.0)",Elite
2,"""110100010000100110001101""",0.9972299933433533,"(102.0, 1067.0, 25.0, 8.0)",Population
2,"""110100000000100010001101""",1.902987003326416,"(102.0, 615.0, 25.0, 8.0)",Population
2,"""110100010000100110001101""",0.999987006187439,"(102.0, 1067.0, 25.0, 8.0)",Population
2,"""110100010000100010001101""",1.0366380214691162,"(102.0, 1066.0, 25.0, 8.0)",Population
2,"""111100010000100010001101""",1.2870980501174927,"(115.0, 1066.0, 25.0, 8.0)",Population
2,"""110110010000111001101001""",1.4446330070495605,"(106.0, 1076.0, 39.0, 13.0)",Population
2,"""110100010000100110001101""",1.066540002822876,"(102.0, 1067.0, 25.0, 8.0)",Population
2,"""110100110010101100001000""",1.0195749998092651,"(103.0, 1126.0, 23.0, 8.0)",Population
2,"""110100010000100010001001""",1.165856957435608,"(102.0, 1066.0, 23.0, 8.0)",Population
2,"""110100110010101100001000""",1.2335400581359863,"(103.0, 1126.0, 23.0, 8.0)",Population
2,"""110100010001100010001101""",1.0731459856033325,"(102.0, 1094.0, 25.0, 8.0)",Population
2,"""111100010000000010001101""",0.9735280275344849,"(115.0, 1052.0, 25.0, 8.0)",Population
2,"""110100010000100010011101""",1.1439249515533447,"(102.0, 1066.0, 33.0, 11.0)",Population
2,"""110100010000100110001101""",1.0415689945220947,"(102.0, 1067.0, 25.0, 8.0)",Population
2,"""110100010001100010001101""",1.012876033782959,"(102.0, 1094.0, 25.0, 8.0)",Population
2,"""110100010000100010001101""",1.147542953491211,"(102.0, 1066.0, 25.0, 8.0)",Population
2,"""110100110010101100001000""",1.0949699878692627,"(103.0, 1126.0, 23.0, 8.0)",Population
2,"""110100010000100110001001""",1.0723479986190796,"(102.0, 1067.0, 23.0, 8.0)",Population
2,"""110100010000100110001101""",1.0872529745101929,"(102.0, 1067.0, 25.0, 8.0)",Population
2,"""110100010000100010001101""",0.982230007648468,"(102.0, 1066.0, 25.0, 8.0)",Population
2,"""100100010000100010001101""",1.2142059803009033,"(77.0, 1066.0, 25.0, 8.0)",Population
2,"""110100010000100110001101""",1.0639129877090454,"(102.0, 1067.0, 25.0, 8.0)",Population
2,"""110100010000100010001101""",1.013877034187317,"(102.0, 1066.0, 25.0, 8.0)",Population
2,"""110110010000100110001101""",1.109989047050476,"(106.0, 1067.0, 25.0, 8.0)",Population
2,"""110100110010101100001000""",0.7377660274505615,"(103.0, 1126.0, 23.0, 8.0)",Population
2,"""110100010000100010001101""",1.0261210203170776,"(102.0, 1066.0, 25.0, 8.0)",Population
2,"""110100010000100010001101""",1.0246449708938599,"(102.0, 1066.0, 25.0, 8.0)",Population
2,"""110100010010100010001100""",1.0345059633255005,"(102.0, 1122.0, 25.0, 8.0)",Population
3,"""110100110010101100001000""",0.7377660274505615,"(103.0, 1126.0, 23.0, 8.0)",Fittest
3,"""110100110010101100001000""",0.8055430054664612,"(103.0, 1126.0, 23.0, 8.0)",Elite
3,"""110100010000100010001101""",0.8815720081329346,"(102.0, 1066.0, 25.0, 8.0)",Elite
3,"""010100010000100110001101""",2.2158761024475098,"(52.0, 1067.0, 25.0, 8.0)",Population
3,"""110100010000100010001101""",0.9028189778327942,"(102.0, 1066.0, 25.0, 8.0)",Population
3,"""111100010010000010001000""",1.2243720293045044,"(115.0, 1108.0, 23.0, 8.0)",Population
3,"""110100110000101100001111""",1.3258559703826904,"(103.0, 1070.0, 26.0, 9.0)",Population
3,"""100100010000100110001101""",1.2990520000457764,"(77.0, 1067.0, 25.0, 8.0)",Population
3,"""111100000000000010001101""",2.0776119232177734,"(115.0, 601.0, 25.0, 8.0)",Population
3,"""110100010000100010001101""",1.085621953010559,"(102.0, 1066.0, 25.0, 8.0)",Population
3,"""110100010000000010001101""",0.8731120228767395,"(102.0, 1052.0, 25.0, 8.0)",Population
3,"""110100110010101100001000""",1.1907049417495728,"(103.0, 1126.0, 23.0, 8.0)",Population
3,"""110100010000100110001101""",0.9482669830322266,"(102.0, 1067.0, 25.0, 8.0)",Population
3,"""111100010000000010001101""",1.143319010734558,"(115.0, 1052.0, 25.0, 8.0)",Population
3,"""110100110010101100001000""",1.1562999486923218,"(103.0, 1126.0, 23.0, 8.0)",Population
3,"""111100010000000010001101""",1.072167992591858,"(115.0, 1052.0, 25.0, 8.0)",Population
3,"""110100110010101100001000""",1.2082550525665283,"(103.0, 1126.0, 23.0, 8.0)",Population
3,"""110100010000100010001101""",0.9591889977455139,"(102.0, 1066.0, 25.0, 8.0)",Population
3,"""110100110010101100001000""",0.9413430094718933,"(103.0, 1126.0, 23.0, 8.0)",Population
3,"""110100110010100010001000""",1.0866849422454834,"(103.0, 1122.0, 23.0, 8.0)",Population
3,"""110100010000101100001101""",0.8821359872817993,"(102.0, 1070.0, 25.0, 8.0)",Population
3,"""110100010001100010001101""",1.275251030921936,"(102.0, 1094.0, 25.0, 8.0)",Population
3,"""110100110010101100001000""",1.2644530534744263,"(103.0, 1126.0, 23.0, 8.0)",Population
3,"""110110110010101100001000""",1.1867079734802246,"(106.0, 1126.0, 23.0, 8.0)",Population
3,"""110100010000100010001101""",1.1764479875564575,"(102.0, 1066.0, 25.0, 8.0)",Population
3,"""110100110010101100001000""",1.0560150146484375,"(103.0, 1126.0, 23.0, 8.0)",Population
3,"""110100010000100110001101""",1.106706976890564,"(102.0, 1067.0, 25.0, 8.0)",Population
3,"""110100010000100010001101""",0.9514430165290833,"(102.0, 1066.0, 25.0, 8.0)",Population
3,"""110100110010101100001000""",0.8910850286483765,"(103.0, 1126.0, 23.0, 8.0)",Population
3,"""110100010000100110001101""",1.1408389806747437,"(102.0, 1067.0, 25.0, 8.0)",Population
3,"""110100110010101100001000""",1.0270589590072632,"(103.0, 1126.0, 23.0, 8.0)",Population
4,"""110100110010101100001000""",0.7377660274505615,"(103.0, 1126.0, 23.0, 8.0)",Fittest
4,"""110100110010101100001000""",0.8055430054664612,"(103.0, 1126.0, 23.0, 8.0)",Elite
4,"""110100010000000010001101""",0.8731120228767395,"(102.0, 1052.0, 25.0, 8.0)",Elite
4,"""110110010000100010001101""",0.6054310202598572,"(106.0, 1066.0, 25.0, 8.0)",Population
4,"""110101110010101100001000""",1.2095259428024292,"(105.0, 1126.0, 23.0, 8.0)",Population
4,"""110100010000001100001000""",1.0971959829330444,"(102.0, 1056.0, 23.0, 8.0)",Population
4,"""110100110010100010001101""",0.9083120226860046,"(103.0, 1122.0, 25.0, 8.0)",Population
4,"""110000110010101100001000""",1.0202269554138184,"(97.0, 1126.0, 23.0, 8.0)",Population
4,"""110100010000100010001101""",0.9840859770774841,"(102.0, 1066.0, 25.0, 8.0)",Population
4,"""110100010000100010001101""",1.0216020345687866,"(102.0, 1066.0, 25.0, 8.0)",Population
4,"""110100110010101100001000""",0.743133008480072,"(103.0, 1126.0, 23.0, 8.0)",Population
4,"""110100010000000010001101""",0.8531420230865479,"(102.0, 1052.0, 25.0, 8.0)",Population
4,"""110100110010101100001000""",1.0968739986419678,"(103.0, 1126.0, 23.0, 8.0)",Population
4,"""110100010000100010001101""",1.111199975013733,"(102.0, 1066.0, 25.0, 8.0)",Population
4,"""110100110010101100001000""",1.0906909704208374,"(103.0, 1126.0, 23.0, 8.0)",Population
4,"""110100010000100010001101""",1.0792380571365356,"(102.0, 1066.0, 25.0, 8.0)",Population
4,"""110100110010101100001000""",1.048719048500061,"(103.0, 1126.0, 23.0, 8.0)",Population
4,"""110100110000100110001101""",1.157170057296753,"(103.0, 1067.0, 25.0, 8.0)",Population
4,"""110100110010101100011000""",0.899088978767395,"(103.0, 1126.0, 31.0, 10.0)",Population
4,"""110100110010101100001000""",1.091596007347107,"(103.0, 1126.0, 23.0, 8.0)",Population
4,"""110101010000000010001101""",0.7676529884338379,"(104.0, 1052.0, 25.0, 8.0)",Population
4,"""110100010000100110001101""",1.0013560056686401,"(102.0, 1067.0, 25.0, 8.0)",Population
4,"""110100010000100010001101""",0.9066849946975708,"(102.0, 1066.0, 25.0, 8.0)",Population
4,"""110100010000000010001101""",1.1491199731826782,"(102.0, 1052.0, 25.0, 8.0)",Population
4,"""110100110010101100001000""",1.1962660551071167,"(103.0, 1126.0, 23.0, 8.0)",Population
4,"""110100010000100010001101""",1.1530300378799438,"(102.0, 1066.0, 25.0, 8.0)",Population
4,"""110100010000101100001100""",0.6622380018234253,"(102.0, 1070.0, 25.0, 8.0)",Population
4,"""110100010000100010001101""",1.0546239614486694,"(102.0, 1066.0, 25.0, 8.0)",Population
4,"""110100110010101100001000""",1.228916049003601,"(103.0, 1126.0, 23.0, 8.0)",Population
4,"""110100010000100010001101""",0.9448339939117432,"(102.0, 1066.0, 25.0, 8.0)",Population
4,"""110100110010101100001000""",1.101423978805542,"(103.0, 1126.0, 23.0, 8.0)",Population
5,"""110110010000100010001101""",0.6054310202598572,"(106.0, 1066.0, 25.0, 8.0)",Fittest
5,"""110100010000101100001100""",0.6622380018234253,"(102.0, 1070.0, 25.0, 8.0)",Elite
5,"""110100110010101100001000""",0.7377660274505615,"(103.0, 1126.0, 23.0, 8.0)",Elite
5,"""110100010000100010001101""",0.8428099751472473,"(102.0, 1066.0, 25.0, 8.0)",Population
5,"""110100010000101100001100""",0.7541469931602478,"(102.0, 1070.0, 25.0, 8.0)",Population
5,"""110100110010101100001000""",1.0239859819412231,"(103.0, 1126.0, 23.0, 8.0)",Population
5,"""110100010000100010001101""",1.1104060411453247,"(102.0, 1066.0, 25.0, 8.0)",Population
5,"""110101010000000010001101""",1.038912057876587,"(104.0, 1052.0, 25.0, 8.0)",Population
5,"""110100110010101100001000""",0.9235590100288391,"(103.0, 1126.0, 23.0, 8.0)",Population
5,"""110100110010101100001000""",1.2243820428848267,"(103.0, 1126.0, 23.0, 8.0)",Population
5,"""110100010000101100001100""",1.0938359498977661,"(102.0, 1070.0, 25.0, 8.0)",Population
5,"""110100010000101100001100""",0.8664360046386719,"(102.0, 1070.0, 25.0, 8.0)",Population
5,"""110100110010101100001000""",1.103577971458435,"(103.0, 1126.0, 23.0, 8.0)",Population
5,"""110110010000101100001100""",0.9771460294723511,"(106.0, 1070.0, 25.0, 8.0)",Population
5,"""110100110010101100011000""",1.3529419898986816,"(103.0, 1126.0, 31.0, 10.0)",Population
5,"""110100010000100010001101""",1.016271948814392,"(102.0, 1066.0, 25.0, 8.0)",Population
5,"""110100110010101100001000""",1.254451036453247,"(103.0, 1126.0, 23.0, 8.0)",Population
5,"""110100110010101100001000""",1.1498490571975708,"(103.0, 1126.0, 23.0, 8.0)",Population
5,"""110110010000100010001101""",0.866756021976471,"(106.0, 1066.0, 25.0, 8.0)",Population
5,"""110100010000100010001101""",0.9320300221443176,"(102.0, 1066.0, 25.0, 8.0)",Population
5,"""110110010000100010001101""",1.1171950101852417,"(106.0, 1066.0, 25.0, 8.0)",Population
5,"""110101010000000010001101""",0.8753889799118042,"(104.0, 1052.0, 25.0, 8.0)",Population
5,"""110110010000100010001101""",0.949675977230072,"(106.0, 1066.0, 25.0, 8.0)",Population
5,"""110101010000000010001101""",1.0050439834594727,"(104.0, 1052.0, 25.0, 8.0)",Population
5,"""110000110010101100001000""",1.164209008216858,"(97.0, 1126.0, 23.0, 8.0)",Population
5,"""110100110110101100001100""",1.5449539422988892,"(103.0, 1239.0, 25.0, 8.0)",Population
5,"""010100110010100010001101""",2.175081968307495,"(53.0, 1122.0, 25.0, 8.0)",Population
5,"""110100010000101100001100""",1.0692839622497559,"(102.0, 1070.0, 25.0, 8.0)",Population
5,"""110101010000000010001101""",1.1225780248641968,"(104.0, 1052.0, 25.0, 8.0)",Population
5,"""110100110010101100011000""",1.2365150451660156,"(103.0, 1126.0, 31.0, 10.0)",Population
5,"""110100010000101100001100""",1.1071699857711792,"(102.0, 1070.0, 25.0, 8.0)",Population
6,"""110110010000100010001101""",0.6054310202598572,"(106.0, 1066.0, 25.0, 8.0)",Fittest
6,"""110100010000101100001100""",0.6622380018234253,"(102.0, 1070.0, 25.0, 8.0)",Elite
6,"""110100110010101100001000""",0.7377660274505615,"(103.0, 1126.0, 23.0, 8.0)",Elite
6,"""110110010010101100001101""",1.1063580513000488,"(106.0, 1126.0, 25.0, 8.0)",Population
6,"""111100110000100010001001""",1.0844910144805908,"(116.0, 1066.0, 23.0, 8.0)",Population
6,"""110100110010101100001000""",1.0586470365524292,"(103.0, 1126.0, 23.0, 8.0)",Population
6,"""110110010000101100001100""",1.0164530277252197,"(106.0, 1070.0, 25.0, 8.0)",Population
6,"""110101010000100000001100""",1.1114829778671265,"(104.0, 1065.0, 25.0, 8.0)",Population
6,"""110100010000001110001101""",0.9003679752349854,"(102.0, 1057.0, 25.0, 8.0)",Population
6,"""110100110010101100001000""",0.590453028678894,"(103.0, 1126.0, 23.0, 8.0)",Population
6,"""110110010000100010001101""",1.0381009578704834,"(106.0, 1066.0, 25.0, 8.0)",Population
6,"""110110010000100010001101""",0.7142869830131531,"(106.0, 1066.0, 25.0, 8.0)",Population
6,"""110100010000101100001100""",0.8078340291976929,"(102.0, 1070.0, 25.0, 8.0)",Population
6,"""111110010000100010001101""",1.108451008796692,"(118.0, 1066.0, 25.0, 8.0)",Population
6,"""110100010000101100001100""",0.9637309908866882,"(102.0, 1070.0, 25.0, 8.0)",Population
6,"""110100010100101100001100""",1.154101014137268,"(102.0, 1183.0, 25.0, 8.0)",Population
6,"""110100110010101100011000""",1.1267369985580444,"(103.0, 1126.0, 31.0, 10.0)",Population
6,"""110100010000101100001000""",1.1124579906463623,"(102.0, 1070.0, 23.0, 8.0)",Population
6,"""110100010000100010001101""",1.0139800310134888,"(102.0, 1066.0, 25.0, 8.0)",Population
6,"""110100010000101100001100""",0.9354739785194397,"(102.0, 1070.0, 25.0, 8.0)",Population
6,"""110110010000101100001100""",1.100098967552185,"(106.0, 1070.0, 25.0, 8.0)",Population
6,"""110110010000100010001101""",1.1904330253601074,"(106.0, 1066.0, 25.0, 8.0)",Population
6,"""110100010000101100001100""",0.9617949724197388,"(102.0, 1070.0, 25.0, 8.0)",Population
6,"""110100110010101100001000""",0.7946770191192627,"(103.0, 1126.0, 23.0, 8.0)",Population
6,"""110100010000101100001100""",0.9704949855804443,"(102.0, 1070.0, 25.0, 8.0)",Population
6,"""010100010000100010001101""",2.4154820442199707,"(52.0, 1066.0, 25.0, 8.0)",Population
6,"""110100010000101100001100""",0.8655580282211304,"(102.0, 1070.0, 25.0, 8.0)",Population
6,"""110100010000101100001100""",0.9149429798126221,"(102.0, 1070.0, 25.0, 8.0)",Population
6,"""110110010000100010001101""",0.9851120114326477,"(106.0, 1066.0, 25.0, 8.0)",Population
6,"""110101010000000010001101""",0.9436900019645691,"(104.0, 1052.0, 25.0, 8.0)",Population
6,"""110100010000101100001100""",1.0244189500808716,"(102.0, 1070.0, 25.0, 8.0)",Population
7,"""110100110010101100001000""",0.590453028678894,"(103.0, 1126.0, 23.0, 8.0)",Fittest
7,"""110110010000100010001101""",0.6054310202598572,"(106.0, 1066.0, 25.0, 8.0)",Elite
7,"""110100010000101100001100""",0.6622380018234253,"(102.0, 1070.0, 25.0, 8.0)",Elite
7,"""110110010000100010001101""",0.9273099899291992,"(106.0, 1066.0, 25.0, 8.0)",Population
7,"""110100010000001110001101""",1.0056320428848267,"(102.0, 1057.0, 25.0, 8.0)",Population
7,"""110100010000000010001100""",0.8503569960594177,"(102.0, 1052.0, 25.0, 8.0)",Population
7,"""110101010000101100001101""",1.0723439455032349,"(104.0, 1070.0, 25.0, 8.0)",Population
7,"""110100110010101100001000""",0.9175879955291748,"(103.0, 1126.0, 23.0, 8.0)",Population
7,"""110101010000000010001101""",0.9502649903297424,"(104.0, 1052.0, 25.0, 8.0)",Population
7,"""010100010000101100001100""",1.962878942489624,"(52.0, 1070.0, 25.0, 8.0)",Population
7,"""110100110010101100001000""",1.0938069820404053,"(103.0, 1126.0, 23.0, 8.0)",Population
7,"""110111010000100010001101""",1.1358380317687988,"(107.0, 1066.0, 25.0, 8.0)",Population
7,"""110100010000101100001100""",0.975180983543396,"(102.0, 1070.0, 25.0, 8.0)",Population
7,"""110100010000101100001100""",1.2344330549240112,"(102.0, 1070.0, 25.0, 8.0)",Population
7,"""110110010000100010001101""",1.0634369850158691,"(106.0, 1066.0, 25.0, 8.0)",Population
7,"""110100110000101100001100""",1.0990879535675049,"(103.0, 1070.0, 25.0, 8.0)",Population
7,"""110110010000100010001101""",1.0880179405212402,"(106.0, 1066.0, 25.0, 8.0)",Population
7,"""110100110010101100001000""",1.0569169521331787,"(103.0, 1126.0, 23.0, 8.0)",Population
7,"""110110010000100010001101""",0.9244089722633362,"(106.0, 1066.0, 25.0, 8.0)",Population
7,"""110100110010101100001000""",1.090149998664856,"(103.0, 1126.0, 23.0, 8.0)",Population
7,"""110110010000100010001101""",1.1650290489196777,"(106.0, 1066.0, 25.0, 8.0)",Population
7,"""110110010000100010001101""",1.2270230054855347,"(106.0, 1066.0, 25.0, 8.0)",Population
7,"""110100010000001110001101""",1.1625369787216187,"(102.0, 1057.0, 25.0, 8.0)",Population
7,"""110100110010101100001000""",1.2340320348739624,"(103.0, 1126.0, 23.0, 8.0)",Population
7,"""110110010000100010001101""",1.0859450101852417,"(106.0, 1066.0, 25.0, 8.0)",Population
7,"""110100110010101100001000""",1.1832200288772583,"(103.0, 1126.0, 23.0, 8.0)",Population
7,"""110100010000101100001100""",1.1364140510559082,"(102.0, 1070.0, 25.0, 8.0)",Population
7,"""110100010000101100001100""",1.0958410501480103,"(102.0, 1070.0, 25.0, 8.0)",Population
7,"""100110010000100010001101""",1.216238021850586,"(80.0, 1066.0, 25.0, 8.0)",Population
7,"""110100010000101101001100""",0.9167159795761108,"(102.0, 1071.0, 25.0, 8.0)",Population
7,"""110100010000001110001101""",1.0615030527114868,"(102.0, 1057.0, 25.0, 8.0)",Population
8,"""110100110010101100001000""",0.590453028678894,"(103.0, 1126.0, 23.0, 8.0)",Fittest
8,"""110110010000100010001101""",0.6054310202598572,"(106.0, 1066.0, 25.0, 8.0)",Elite
8,"""110100010000101100001100""",0.6622380018234253,"(102.0, 1070.0, 25.0, 8.0)",Elite
8,"""110110010000100010001101""",1.0444109439849854,"(106.0, 1066.0, 25.0, 8.0)",Population
8,"""110100110010101100001000""",1.1471689939498901,"(103.0, 1126.0, 23.0, 8.0)",Population
8,"""110100010000000010001100""",0.9506000280380249,"(102.0, 1052.0, 25.0, 8.0)",Population
8,"""110100010000101100001100""",0.8255079984664917,"(102.0, 1070.0, 25.0, 8.0)",Population
8,"""110100010010000010001100""",1.0138369798660278,"(102.0, 1108.0, 25.0, 8.0)",Population
8,"""110110010000100010001101""",1.1227229833602905,"(106.0, 1066.0, 25.0, 8.0)",Population
8,"""110110010000100010001101""",1.0524280071258545,"(106.0, 1066.0, 25.0, 8.0)",Population
8,"""110100110010101100001000""",1.29721200466156,"(103.0, 1126.0, 23.0, 8.0)",Population
8,"""110100110010101100001000""",1.1073689460754395,"(103.0, 1126.0, 23.0, 8.0)",Population
8,"""110100010000001110001101""",1.053508996963501,"(102.0, 1057.0, 25.0, 8.0)",Population
8,"""110100010000101100001100""",1.0952939987182617,"(102.0, 1070.0, 25.0, 8.0)",Population
8,"""110110010000100010001101""",0.9275619983673096,"(106.0, 1066.0, 25.0, 8.0)",Population
8,"""100100110010101100001000""",1.4517899751663208,"(78.0, 1126.0, 23.0, 8.0)",Population
8,"""110100010000000010001100""",0.9492149949073792,"(102.0, 1052.0, 25.0, 8.0)",Population
8,"""110100010000001110000101""",0.9728749990463257,"(102.0, 1057.0, 21.0, 7.0)",Population
8,"""110110010000100010001101""",1.0794730186462402,"(106.0, 1066.0, 25.0, 8.0)",Population
8,"""110110010000100010001101""",1.054360032081604,"(106.0, 1066.0, 25.0, 8.0)",Population
8,"""110100110010001100001000""",1.104691982269287,"(103.0, 1112.0, 23.0, 8.0)",Population
8,"""110100010000000010001100""",0.9437559843063354,"(102.0, 1052.0, 25.0, 8.0)",Population
8,"""110100110010101100001000""",1.1039650440216064,"(103.0, 1126.0, 23.0, 8.0)",Population
8,"""110100010000000010001100""",1.0024470090866089,"(102.0, 1052.0, 25.0, 8.0)",Population
8,"""110100110010101100001000""",1.1318340301513672,"(103.0, 1126.0, 23.0, 8.0)",Population
8,"""110110010000100010001101""",1.0364940166473389,"(106.0, 1066.0, 25.0, 8.0)",Population
8,"""110100010000101100001100""",1.1414899826049805,"(102.0, 1070.0, 25.0, 8.0)",Population
8,"""110100010000101100001000""",0.9536269903182983,"(102.0, 1070.0, 23.0, 8.0)",Population
8,"""110000110010101100001100""",1.0656709671020508,"(97.0, 1126.0, 25.0, 8.0)",Population
8,"""110100010000101101001100""",1.0673680305480957,"(102.0, 1071.0, 25.0, 8.0)",Population
8,"""110101010000000010001101""",1.2274320125579834,"(104.0, 1052.0, 25.0, 8.0)",Population
9,"""110100110010101100001000""",0.590453028678894,"(103.0, 1126.0, 23.0, 8.0)",Fittest
9,"""110110010000100010001101""",0.6054310202598572,"(106.0, 1066.0, 25.0, 8.0)",Elite
9,"""110100010000101100001100""",0.6622380018234253,"(102.0, 1070.0, 25.0, 8.0)",Elite
9,"""110100110010101100001000""",0.8858240246772766,"(103.0, 1126.0, 23.0, 8.0)",Population
9,"""110110010000100010001101""",1.1226320266723633,"(106.0, 1066.0, 25.0, 8.0)",Population
9,"""110100110010101100001000""",0.8825280070304871,"(103.0, 1126.0, 23.0, 8.0)",Population
9,"""110110010000100010001101""",0.9721249938011169,"(106.0, 1066.0, 25.0, 8.0)",Population
9,"""110110010000100010001101""",0.9530569911003113,"(106.0, 1066.0, 25.0, 8.0)",Population
9,"""110100110010101100001000""",1.0946639776229858,"(103.0, 1126.0, 23.0, 8.0)",Population
9,"""110100010000101100001100""",1.330422043800354,"(102.0, 1070.0, 25.0, 8.0)",Population
9,"""110110010000100010001101""",1.0029770135879517,"(106.0, 1066.0, 25.0, 8.0)",Population
9,"""110100010000101100001000""",0.9766160249710083,"(102.0, 1070.0, 23.0, 8.0)",Population
9,"""110100110010101100011100""",1.337980031967163,"(103.0, 1126.0, 33.0, 11.0)",Population
9,"""110100010000000010101100""",1.4245500564575195,"(102.0, 1052.0, 41.0, 14.0)",Population
9,"""110110010000100010001101""",0.7967079877853394,"(106.0, 1066.0, 25.0, 8.0)",Population
9,"""110110010000100010001101""",1.0010809898376465,"(106.0, 1066.0, 25.0, 8.0)",Population
9,"""110100110010101100001000""",0.8879809975624084,"(103.0, 1126.0, 23.0, 8.0)",Population
9,"""110100010001000010001100""",1.106781005859375,"(102.0, 1080.0, 25.0, 8.0)",Population
9,"""110100110010101100001000""",0.9438269734382629,"(103.0, 1126.0, 23.0, 8.0)",Population
9,"""110100010000000010001100""",1.0415250062942505,"(102.0, 1052.0, 25.0, 8.0)",Population
9,"""110100010000001110000100""",1.1929240226745605,"(102.0, 1057.0, 21.0, 7.0)",Population
9,"""110100010000001110000101""",1.104038953781128,"(102.0, 1057.0, 21.0, 7.0)",Population
9,"""110100010000000010001100""",0.6604700088500977,"(102.0, 1052.0, 25.0, 8.0)",Population
9,"""110110010000100010001101""",1.082497000694275,"(106.0, 1066.0, 25.0, 8.0)",Population
9,"""110100010000001110000101""",1.092816948890686,"(102.0, 1057.0, 21.0, 7.0)",Population
9,"""110100010000000010001100""",0.9117910265922546,"(102.0, 1052.0, 25.0, 8.0)",Population
9,"""110100010000101100001100""",999.0,"(102.0, 1070.0, 25.0, 8.0)",Population
9,"""110100010000001110000101""",0.9243419766426086,"(102.0, 1057.0, 21.0, 7.0)",Population
9,"""110100010000000010001100""",1.077388048171997,"(102.0, 1052.0, 25.0, 8.0)",Population
9,"""110100010000100010001100""",0.6372309923171997,"(102.0, 1066.0, 25.0, 8.0)",Population
9,"""111110010000101100001101""",0.9788060188293457,"(118.0, 1070.0, 25.0, 8.0)",Population
10,"""110100110010101100001000""",0.590453028678894,"(103.0, 1126.0, 23.0, 8.0)",Fittest
10,"""110110010000100010001101""",0.6054310202598572,"(106.0, 1066.0, 25.0, 8.0)",Elite
10,"""110100010000100010001100""",0.6372309923171997,"(102.0, 1066.0, 25.0, 8.0)",Elite
10,"""110100010000000010001100""",1.0782109498977661,"(102.0, 1052.0, 25.0, 8.0)",Population
10,"""110100110010101100001000""",1.0176830291748047,"(103.0, 1126.0, 23.0, 8.0)",Population
10,"""110100110010101100001000""",1.1037160158157349,"(103.0, 1126.0, 23.0, 8.0)",Population
10,"""110100010000100010001100""",1.085837960243225,"(102.0, 1066.0, 25.0, 8.0)",Population
10,"""110100110010101100001000""",0.8200169801712036,"(103.0, 1126.0, 23.0, 8.0)",Population
10,"""111110010000101100001101""",1.198943018913269,"(118.0, 1070.0, 25.0, 8.0)",Population
10,"""110110010000100010001101""",1.1043200492858887,"(106.0, 1066.0, 25.0, 8.0)",Population
10,"""110100110010101100001000""",1.3516720533370972,"(103.0, 1126.0, 23.0, 8.0)",Population
10,"""110100110010101100001000""",1.2139960527420044,"(103.0, 1126.0, 23.0, 8.0)",Population
10,"""110110010000100010001101""",1.001865029335022,"(106.0, 1066.0, 25.0, 8.0)",Population
10,"""110110010000100010001101""",1.1606899499893188,"(106.0, 1066.0, 25.0, 8.0)",Population
10,"""110100110010101100001000""",1.2397209405899048,"(103.0, 1126.0, 23.0, 8.0)",Population
10,"""110100110010101100000000""",1.4622620344161987,"(103.0, 1126.0, 18.0, 6.0)",Population
10,"""110110010000100010001111""",1.2500770092010498,"(106.0, 1066.0, 26.0, 9.0)",Population
10,"""110100110010101100101100""",1.3653390407562256,"(103.0, 1126.0, 41.0, 14.0)",Population
10,"""110110010000101100001000""",0.7535049915313721,"(106.0, 1070.0, 23.0, 8.0)",Population
10,"""110100010000001110000101""",1.1203099489212036,"(102.0, 1057.0, 21.0, 7.0)",Population
10,"""110110010000100010001101""",1.039842963218689,"(106.0, 1066.0, 25.0, 8.0)",Population
10,"""110100110010101100001000""",1.1139219999313354,"(103.0, 1126.0, 23.0, 8.0)",Population
10,"""110100010000101100001100""",1.3096920251846313,"(102.0, 1070.0, 25.0, 8.0)",Population
10,"""110100010000000010101100""",1.3981380462646484,"(102.0, 1052.0, 41.0, 14.0)",Population
10,"""110100010000100010001100""",1.0293790102005005,"(102.0, 1066.0, 25.0, 8.0)",Population
10,"""110100110010101100001000""",1.0391390323638916,"(103.0, 1126.0, 23.0, 8.0)",Population
10,"""110110010000101100001100""",0.8589019775390625,"(106.0, 1070.0, 25.0, 8.0)",Population
10,"""110110010000100010001101""",0.9998679757118225,"(106.0, 1066.0, 25.0, 8.0)",Population
10,"""110100110010101100001000""",1.1450920104980469,"(103.0, 1126.0, 23.0, 8.0)",Population
10,"""110100110010101100001000""",0.945048987865448,"(103.0, 1126.0, 23.0, 8.0)",Population
10,"""110110010000100010001101""",1.0883140563964844,"(106.0, 1066.0, 25.0, 8.0)",Population
11,"""110100110010101100001000""",0.590453028678894,"(103.0, 1126.0, 23.0, 8.0)",Fittest
11,"""110110010000100010001101""",0.6054310202598572,"(106.0, 1066.0, 25.0, 8.0)",Elite
11,"""110100010000100010001100""",0.6372309923171997,"(102.0, 1066.0, 25.0, 8.0)",Elite
11,"""110100110010101100001000""",1.1691930294036865,"(103.0, 1126.0, 23.0, 8.0)",Population
11,"""110100010000100010001100""",1.0860140323638916,"(102.0, 1066.0, 25.0, 8.0)",Population
11,"""110110010000100010001101""",0.8903160095214844,"(106.0, 1066.0, 25.0, 8.0)",Population
11,"""110100010000100010001100""",1.171731948852539,"(102.0, 1066.0, 25.0, 8.0)",Population
11,"""110100010000000010001100""",0.9721630215644836,"(102.0, 1052.0, 25.0, 8.0)",Population
11,"""110100010000001110000101""",1.0711790323257446,"(102.0, 1057.0, 21.0, 7.0)",Population
11,"""110110010000100010001101""",0.7916820049285889,"(106.0, 1066.0, 25.0, 8.0)",Population
11,"""110100110010101100001000""",1.1850429773330688,"(103.0, 1126.0, 23.0, 8.0)",Population
11,"""110100010000100010001100""",0.9705269932746887,"(102.0, 1066.0, 25.0, 8.0)",Population
11,"""110100110010101100001000""",1.2034790515899658,"(103.0, 1126.0, 23.0, 8.0)",Population
11,"""110100110010101100001000""",1.0457370281219482,"(103.0, 1126.0, 23.0, 8.0)",Population
11,"""110000010000100010001100""",0.805088996887207,"(96.0, 1066.0, 25.0, 8.0)",Population
11,"""110110010000101100001100""",1.171578049659729,"(106.0, 1070.0, 25.0, 8.0)",Population
11,"""110110010000100010001101""",0.9688860177993774,"(106.0, 1066.0, 25.0, 8.0)",Population
11,"""110100010000100010101100""",1.422255039215088,"(102.0, 1066.0, 41.0, 14.0)",Population
11,"""110100110010101100001000""",1.12260103225708,"(103.0, 1126.0, 23.0, 8.0)",Population
11,"""110110010000100010001101""",1.0334620475769043,"(106.0, 1066.0, 25.0, 8.0)",Population
11,"""110100110010101100001000""",1.2158759832382202,"(103.0, 1126.0, 23.0, 8.0)",Population
11,"""110110010000101100001100""",1.0442750453948975,"(106.0, 1070.0, 25.0, 8.0)",Population
11,"""110110010000100010001111""",0.7170420289039612,"(106.0, 1066.0, 26.0, 9.0)",Population
11,"""110100110010100100001000""",1.1582109928131104,"(103.0, 1123.0, 23.0, 8.0)",Population
11,"""110110010000100010001101""",1.1611160039901733,"(106.0, 1066.0, 25.0, 8.0)",Population
11,"""010100110010101100011000""",2.680922031402588,"(53.0, 1126.0, 31.0, 10.0)",Population
11,"""110110010000101100001100""",0.7852280139923096,"(106.0, 1070.0, 25.0, 8.0)",Population
11,"""110100110010101100001000""",1.1488009691238403,"(103.0, 1126.0, 23.0, 8.0)",Population
11,"""110100010000100010001100""",1.1063090562820435,"(102.0, 1066.0, 25.0, 8.0)",Population
11,"""110110010000100010001101""",1.1254750490188599,"(106.0, 1066.0, 25.0, 8.0)",Population
11,"""110100110010101100001000""",1.214169979095459,"(103.0, 1126.0, 23.0, 8.0)",Population
12,"""110100110010101100001000""",0.590453028678894,"(103.0, 1126.0, 23.0, 8.0)",Fittest
12,"""110110010000100010001101""",0.6054310202598572,"(106.0, 1066.0, 25.0, 8.0)",Elite
12,"""110100010000100010001100""",0.6372309923171997,"(102.0, 1066.0, 25.0, 8.0)",Elite
12,"""110100110010101100001000""",1.0506550073623657,"(103.0, 1126.0, 23.0, 8.0)",Population
12,"""110100010000100010001100""",0.9018800258636475,"(102.0, 1066.0, 25.0, 8.0)",Population
12,"""110110010000100010001101""",1.0788170099258423,"(106.0, 1066.0, 25.0, 8.0)",Population
12,"""110100010000100010001100""",1.0083880424499512,"(102.0, 1066.0, 25.0, 8.0)",Population
12,"""110100010000100010001110""",1.2367769479751587,"(102.0, 1066.0, 26.0, 9.0)",Population
12,"""110110010000100010001111""",0.9980480074882507,"(106.0, 1066.0, 26.0, 9.0)",Population
12,"""110100010000001110001101""",1.0892059803009033,"(102.0, 1057.0, 25.0, 8.0)",Population
12,"""110100010000100010001100""",1.1776829957962036,"(102.0, 1066.0, 25.0, 8.0)",Population
12,"""110100010000100010001100""",0.9704020023345947,"(102.0, 1066.0, 25.0, 8.0)",Population
12,"""110000010001100010001100""",0.9666399955749512,"(96.0, 1094.0, 25.0, 8.0)",Population
12,"""110100010010100010001100""",1.1490089893341064,"(102.0, 1122.0, 25.0, 8.0)",Population
12,"""110110010000110010001111""",1.0218479633331299,"(106.0, 1073.0, 26.0, 9.0)",Population
12,"""110110010000101100001100""",0.8802210092544556,"(106.0, 1070.0, 25.0, 8.0)",Population
12,"""110110010000100010001101""",1.0977870225906372,"(106.0, 1066.0, 25.0, 8.0)",Population
12,"""110110010000100010001101""",0.9993159770965576,"(106.0, 1066.0, 25.0, 8.0)",Population
12,"""110000010000100010001100""",0.92461097240448,"(96.0, 1066.0, 25.0, 8.0)",Population
12,"""110100010000100010001100""",1.1972930431365967,"(102.0, 1066.0, 25.0, 8.0)",Population
12,"""110110010000101100101100""",1.145308017730713,"(106.0, 1070.0, 41.0, 14.0)",Population
12,"""110110010000100010001100""",0.5850970149040222,"(106.0, 1066.0, 25.0, 8.0)",Population
12,"""110100010000100010001101""",0.8964750170707703,"(102.0, 1066.0, 25.0, 8.0)",Population
12,"""110100110010101100001100""",1.0980279445648193,"(103.0, 1126.0, 25.0, 8.0)",Population
12,"""110100010000100010001000""",0.9888780117034912,"(102.0, 1066.0, 23.0, 8.0)",Population
12,"""110000010000100010001100""",0.6742349863052368,"(96.0, 1066.0, 25.0, 8.0)",Population
12,"""010110010000100010001101""",1.467162013053894,"(55.0, 1066.0, 25.0, 8.0)",Population
12,"""110110010000100010001111""",1.0052789449691772,"(106.0, 1066.0, 26.0, 9.0)",Population
12,"""110100110010101100001000""",1.1858890056610107,"(103.0, 1126.0, 23.0, 8.0)",Population
12,"""110110010000100010101101""",1.235753059387207,"(106.0, 1066.0, 41.0, 14.0)",Population
12,"""110100010000100010001100""",1.0826940536499023,"(102.0, 1066.0, 25.0, 8.0)",Population
13,"""110110010000100010001100""",0.5850970149040222,"(106.0, 1066.0, 25.0, 8.0)",Fittest
13,"""110100110010101100001000""",0.590453028678894,"(103.0, 1126.0, 23.0, 8.0)",Elite
13,"""110110010000100010001101""",0.6054310202598572,"(106.0, 1066.0, 25.0, 8.0)",Elite
13,"""110100010000100010001101""",0.6027299761772156,"(102.0, 1066.0, 25.0, 8.0)",Population
13,"""110110010000100010001100""",0.9879950284957886,"(106.0, 1066.0, 25.0, 8.0)",Population
13,"""110100010000100010001100""",1.1108540296554565,"(102.0, 1066.0, 25.0, 8.0)",Population
13,"""110110010000101100001100""",0.9995700120925903,"(106.0, 1070.0, 25.0, 8.0)",Population
13,"""110100010000100010001100""",1.077826976776123,"(102.0, 1066.0, 25.0, 8.0)",Population
13,"""110110010000100010001100""",0.9460129737854004,"(106.0, 1066.0, 25.0, 8.0)",Population
13,"""110110010000100010001100""",1.1471370458602905,"(106.0, 1066.0, 25.0, 8.0)",Population
13,"""110100010000100010001101""",0.8866509795188904,"(102.0, 1066.0, 25.0, 8.0)",Population
13,"""100110010000100010001101""",1.1238839626312256,"(80.0, 1066.0, 25.0, 8.0)",Population
13,"""010110010000100010001100""",2.529658079147339,"(55.0, 1066.0, 25.0, 8.0)",Population
13,"""110100110010101100001000""",1.141631007194519,"(103.0, 1126.0, 23.0, 8.0)",Population
13,"""110110010000100010001101""",1.0914219617843628,"(106.0, 1066.0, 25.0, 8.0)",Population
13,"""110010010000100010001100""",1.0733599662780762,"(99.0, 1066.0, 25.0, 8.0)",Population
13,"""110110010000100010001101""",1.0640779733657837,"(106.0, 1066.0, 25.0, 8.0)",Population
13,"""111000010000100010001100""",1.0773249864578247,"(109.0, 1066.0, 25.0, 8.0)",Population
13,"""010100010000100010001000""",2.4127819538116455,"(52.0, 1066.0, 23.0, 8.0)",Population
13,"""110100010000100010001101""",0.9520999789237976,"(102.0, 1066.0, 25.0, 8.0)",Population
13,"""110110011000100010001101""",1.5578429698944092,"(106.0, 1291.0, 25.0, 8.0)",Population
13,"""110100110010101100001000""",1.0258389711380005,"(103.0, 1126.0, 23.0, 8.0)",Population
13,"""110100010000100010001100""",1.1029709577560425,"(102.0, 1066.0, 25.0, 8.0)",Population
13,"""110110010000100010001101""",0.993573009967804,"(106.0, 1066.0, 25.0, 8.0)",Population
13,"""110110010000101100001100""",1.066720962524414,"(106.0, 1070.0, 25.0, 8.0)",Population
13,"""110100010000100010001101""",0.9376459717750549,"(102.0, 1066.0, 25.0, 8.0)",Population
13,"""110110010000100010001100""",1.0133429765701294,"(106.0, 1066.0, 25.0, 8.0)",Population
13,"""110100010000100010001101""",1.0857419967651367,"(102.0, 1066.0, 25.0, 8.0)",Population
13,"""110000010000100010001100""",0.9745110273361206,"(96.0, 1066.0, 25.0, 8.0)",Population
13,"""110000010101100010001100""",1.4168740510940552,"(96.0, 1206.0, 25.0, 8.0)",Population
13,"""110000110010101100001000""",1.2046849727630615,"(97.0, 1126.0, 23.0, 8.0)",Population
14,"""110110010000100010001100""",0.5850970149040222,"(106.0, 1066.0, 25.0, 8.0)",Fittest
14,"""110100110010101100001000""",0.590453028678894,"(103.0, 1126.0, 23.0, 8.0)",Elite
14,"""110100010000100010001101""",0.6027299761772156,"(102.0, 1066.0, 25.0, 8.0)",Elite
14,"""110110010000100010001100""",1.0526529550552368,"(106.0, 1066.0, 25.0, 8.0)",Population
14,"""110100010000100010001101""",1.1266529560089111,"(102.0, 1066.0, 25.0, 8.0)",Population
14,"""110100010000100010001101""",1.0919660329818726,"(102.0, 1066.0, 25.0, 8.0)",Population
14,"""110110010000100010001100""",1.1225980520248413,"(106.0, 1066.0, 25.0, 8.0)",Population
14,"""110100010010100010001101""",0.804606020450592,"(102.0, 1122.0, 25.0, 8.0)",Population
14,"""110100110010101100001000""",1.0781209468841553,"(103.0, 1126.0, 23.0, 8.0)",Population
14,"""110100110010101100001000""",1.089745044708252,"(103.0, 1126.0, 23.0, 8.0)",Population
14,"""110100010000100010001101""",0.6284840106964111,"(102.0, 1066.0, 25.0, 8.0)",Population
14,"""110110010000100010101101""",1.3586900234222412,"(106.0, 1066.0, 41.0, 14.0)",Population
14,"""110100010000100010001101""",1.068660020828247,"(102.0, 1066.0, 25.0, 8.0)",Population
14,"""110010010000100010001100""",0.9542909860610962,"(99.0, 1066.0, 25.0, 8.0)",Population
14,"""110110011000100010001101""",1.7767839431762695,"(106.0, 1291.0, 25.0, 8.0)",Population
14,"""110001010000100010001100""",1.0426559448242188,"(98.0, 1066.0, 25.0, 8.0)",Population
14,"""110100110010101100001000""",1.0639439821243286,"(103.0, 1126.0, 23.0, 8.0)",Population
14,"""110100110010101100001000""",0.9886580109596252,"(103.0, 1126.0, 23.0, 8.0)",Population
14,"""110110010000100010001101""",1.0666099786758423,"(106.0, 1066.0, 25.0, 8.0)",Population
14,"""110101010000100010001101""",1.0697489976882935,"(104.0, 1066.0, 25.0, 8.0)",Population
14,"""110110010000100010001100""",0.89199298620224,"(106.0, 1066.0, 25.0, 8.0)",Population
14,"""110100010000100010001101""",0.8447009921073914,"(102.0, 1066.0, 25.0, 8.0)",Population
14,"""110100010000100010001101""",1.0687329769134521,"(102.0, 1066.0, 25.0, 8.0)",Population
14,"""110100110010101100001000""",1.0554749965667725,"(103.0, 1126.0, 23.0, 8.0)",Population
14,"""110110010000100010000100""",1.2137659788131714,"(106.0, 1066.0, 21.0, 7.0)",Population
14,"""110110010000100011001100""",1.0420160293579102,"(106.0, 1066.0, 25.0, 8.0)",Population
14,"""110110010000100010101101""",1.3515390157699585,"(106.0, 1066.0, 41.0, 14.0)",Population
14,"""110100010000100010001101""",0.7827739715576172,"(102.0, 1066.0, 25.0, 8.0)",Population
14,"""110110010000100010001100""",1.0260939598083496,"(106.0, 1066.0, 25.0, 8.0)",Population
14,"""110010010000100010001101""",1.0606529712677002,"(99.0, 1066.0, 25.0, 8.0)",Population
14,"""110110010000100010001100""",1.0821319818496704,"(106.0, 1066.0, 25.0, 8.0)",Population
15,"""110110010000100010001100""",0.5850970149040222,"(106.0, 1066.0, 25.0, 8.0)",Fittest
15,"""110100110010101100001000""",0.590453028678894,"(103.0, 1126.0, 23.0, 8.0)",Elite
15,"""110100010000100010001101""",0.6027299761772156,"(102.0, 1066.0, 25.0, 8.0)",Elite
15,"""110100010000100010001101""",0.9286350011825562,"(102.0, 1066.0, 25.0, 8.0)",Population
15,"""110100110010101100001000""",1.0870269536972046,"(103.0, 1126.0, 23.0, 8.0)",Population
15,"""110100110010101100001000""",1.1115009784698486,"(103.0, 1126.0, 23.0, 8.0)",Population
15,"""110110010000100010001100""",0.9443979859352112,"(106.0, 1066.0, 25.0, 8.0)",Population
15,"""110100110010101100001000""",0.9747899770736694,"(103.0, 1126.0, 23.0, 8.0)",Population
15,"""100100010010100010001101""",1.2699140310287476,"(77.0, 1122.0, 25.0, 8.0)",Population
15,"""110100010000100010001101""",0.4967939853668213,"(102.0, 1066.0, 25.0, 8.0)",Population
15,"""100100110010101100001000""",1.1952329874038696,"(78.0, 1126.0, 23.0, 8.0)",Population
15,"""110100010000100010001101""",0.9483640193939209,"(102.0, 1066.0, 25.0, 8.0)",Population
15,"""110110010000100010001100""",1.0103139877319336,"(106.0, 1066.0, 25.0, 8.0)",Population
15,"""110010010000100010001101""",0.8777949810028076,"(99.0, 1066.0, 25.0, 8.0)",Population
15,"""110100010000100010001101""",0.975184977054596,"(102.0, 1066.0, 25.0, 8.0)",Population
15,"""110100010010100000001100""",1.1148600578308105,"(102.0, 1121.0, 25.0, 8.0)",Population
15,"""110110010000100010001100""",0.9813680052757263,"(106.0, 1066.0, 25.0, 8.0)",Population
15,"""110100010000100010001101""",1.0625449419021606,"(102.0, 1066.0, 25.0, 8.0)",Population
15,"""110100010010100010001101""",1.105201005935669,"(102.0, 1122.0, 25.0, 8.0)",Population
15,"""110100110010101100001000""",1.133739948272705,"(103.0, 1126.0, 23.0, 8.0)",Population
15,"""100110010000100010001100""",1.392217993736267,"(80.0, 1066.0, 25.0, 8.0)",Population
15,"""110110010000100011101100""",1.3002949953079224,"(106.0, 1066.0, 41.0, 14.0)",Population
15,"""110001010000100010001100""",999.0,"(98.0, 1066.0, 25.0, 8.0)",Population
15,"""110110010000100010001100""",0.9406750202178955,"(106.0, 1066.0, 25.0, 8.0)",Population
15,"""010100010000100010001101""",1.8111319541931152,"(52.0, 1066.0, 25.0, 8.0)",Population
15,"""110100010010100010101101""",1.4956320524215698,"(102.0, 1122.0, 41.0, 14.0)",Population
15,"""110100110010101000001000""",1.119737982749939,"(103.0, 1125.0, 23.0, 8.0)",Population
15,"""110100010000100010001101""",1.1459059715270996,"(102.0, 1066.0, 25.0, 8.0)",Population
15,"""110010010000100010001100""",0.8303269743919373,"(99.0, 1066.0, 25.0, 8.0)",Population
15,"""110110010000100011001100""",1.0339970588684082,"(106.0, 1066.0, 25.0, 8.0)",Population
15,"""110110010000100010001100""",1.2181479930877686,"(106.0, 1066.0, 25.0, 8.0)",Population
16,"""110100010000100010001101""",0.4967939853668213,"(102.0, 1066.0, 25.0, 8.0)",Fittest
16,"""110110010000100010001100""",0.5850970149040222,"(106.0, 1066.0, 25.0, 8.0)",Elite
16,"""110100110010101100001000""",0.590453028678894,"(103.0, 1126.0, 23.0, 8.0)",Elite
16,"""110100010000100010001101""",1.0232640504837036,"(102.0, 1066.0, 25.0, 8.0)",Population
16,"""110110010000100010001100""",1.0294079780578613,"(106.0, 1066.0, 25.0, 8.0)",Population
16,"""010100010000100010001101""",2.075839042663574,"(52.0, 1066.0, 25.0, 8.0)",Population
16,"""100100110010101100001000""",1.487650990486145,"(78.0, 1126.0, 23.0, 8.0)",Population
16,"""110100010000100010001101""",0.8568120002746582,"(102.0, 1066.0, 25.0, 8.0)",Population
16,"""110011010000100010001101""",0.9964749813079834,"(101.0, 1066.0, 25.0, 8.0)",Population
16,"""110100010000100010001101""",1.1244070529937744,"(102.0, 1066.0, 25.0, 8.0)",Population
16,"""110110010000100010001100""",1.1134899854660034,"(106.0, 1066.0, 25.0, 8.0)",Population
16,"""110110010000100010001100""",0.9045330286026001,"(106.0, 1066.0, 25.0, 8.0)",Population
16,"""110100010000100010001101""",0.9270830154418945,"(102.0, 1066.0, 25.0, 8.0)",Population
16,"""110110010000100010001100""",0.9687929749488831,"(106.0, 1066.0, 25.0, 8.0)",Population
16,"""110100010000100010001101""",1.1222879886627197,"(102.0, 1066.0, 25.0, 8.0)",Population
16,"""110110010000100010001100""",0.960873007774353,"(106.0, 1066.0, 25.0, 8.0)",Population
16,"""110000111010101100001000""",1.8370510339736938,"(97.0, 1351.0, 23.0, 8.0)",Population
16,"""110100010000100010001101""",1.191504955291748,"(102.0, 1066.0, 25.0, 8.0)",Population
16,"""110110010000100010001000""",0.8726599812507629,"(106.0, 1066.0, 23.0, 8.0)",Population
16,"""110010010000100010001100""",999.0,"(99.0, 1066.0, 25.0, 8.0)",Population
16,"""110100010000100010001101""",0.9639909863471985,"(102.0, 1066.0, 25.0, 8.0)",Population
16,"""110100010000100010001101""",0.8177469968795776,"(102.0, 1066.0, 25.0, 8.0)",Population
16,"""110100110010101100001000""",1.1474330425262451,"(103.0, 1126.0, 23.0, 8.0)",Population
16,"""010100010000100010001101""",2.113042116165161,"(52.0, 1066.0, 25.0, 8.0)",Population
16,"""110010010000100010001101""",1.0239700078964233,"(99.0, 1066.0, 25.0, 8.0)",Population
16,"""110010010000100010001101""",1.1191890239715576,"(99.0, 1066.0, 25.0, 8.0)",Population
16,"""110100010000110010001101""",1.1241869926452637,"(102.0, 1073.0, 25.0, 8.0)",Population
16,"""110100100010101100001000""",1.6734910011291504,"(103.0, 676.0, 23.0, 8.0)",Population
16,"""110010010000100010001100""",0.9425640106201172,"(99.0, 1066.0, 25.0, 8.0)",Population
16,"""110100010000100010001101""",1.0640870332717896,"(102.0, 1066.0, 25.0, 8.0)",Population
16,"""110110010000100011001100""",0.9148569703102112,"(106.0, 1066.0, 25.0, 8.0)",Population
17,"""110100010000100010001101""",0.4967939853668213,"(102.0, 1066.0, 25.0, 8.0)",Fittest
17,"""110110010000100010001100""",0.5850970149040222,"(106.0, 1066.0, 25.0, 8.0)",Elite
17,"""110100110010101100001000""",0.590453028678894,"(103.0, 1126.0, 23.0, 8.0)",Elite
17,"""110110010000100010001100""",1.0525120496749878,"(106.0, 1066.0, 25.0, 8.0)",Population
17,"""110110010000100011001100""",1.145825982093811,"(106.0, 1066.0, 25.0, 8.0)",Population
17,"""110100010000100010001101""",1.1811449527740479,"(102.0, 1066.0, 25.0, 8.0)",Population
17,"""110011010000100010001101""",0.7385240197181702,"(101.0, 1066.0, 25.0, 8.0)",Population
17,"""110110010000100010001101""",0.9953659772872925,"(106.0, 1066.0, 25.0, 8.0)",Population
17,"""110100010000100010001101""",1.0912100076675415,"(102.0, 1066.0, 25.0, 8.0)",Population
17,"""110110010000100010001100""",1.0048500299453735,"(106.0, 1066.0, 25.0, 8.0)",Population
17,"""110100110010101100001000""",0.9347800016403198,"(103.0, 1126.0, 23.0, 8.0)",Population
17,"""110010010000100010001100""",1.1635249853134155,"(99.0, 1066.0, 25.0, 8.0)",Population
17,"""110110010010100010001000""",1.1298450231552124,"(106.0, 1122.0, 23.0, 8.0)",Population
17,"""110110010000100011001100""",1.0462709665298462,"(106.0, 1066.0, 25.0, 8.0)",Population
17,"""110110010000100010001100""",1.0756969451904297,"(106.0, 1066.0, 25.0, 8.0)",Population
17,"""110100110010101100001000""",1.0575029850006104,"(103.0, 1126.0, 23.0, 8.0)",Population
17,"""110110010000100010001100""",1.0269910097122192,"(106.0, 1066.0, 25.0, 8.0)",Population
17,"""110110010000100010001100""",0.8532050251960754,"(106.0, 1066.0, 25.0, 8.0)",Population
17,"""110100110010101100001000""",1.0654850006103516,"(103.0, 1126.0, 23.0, 8.0)",Population
17,"""110010010000100010001000""",0.9358299970626831,"(99.0, 1066.0, 23.0, 8.0)",Population
17,"""110100010000100010001101""",1.0362880229949951,"(102.0, 1066.0, 25.0, 8.0)",Population
17,"""110100010000100010001101""",0.6004289984703064,"(102.0, 1066.0, 25.0, 8.0)",Population
17,"""110100110010101100001000""",1.1839200258255005,"(103.0, 1126.0, 23.0, 8.0)",Population
17,"""110100010000100010001101""",1.1341029405593872,"(102.0, 1066.0, 25.0, 8.0)",Population
17,"""110110010000100011001100""",1.2011339664459229,"(106.0, 1066.0, 25.0, 8.0)",Population
17,"""110100010000100010001101""",0.8323400020599365,"(102.0, 1066.0, 25.0, 8.0)",Population
17,"""110110010000100010001100""",0.8875730037689209,"(106.0, 1066.0, 25.0, 8.0)",Population
17,"""110100010000100010001101""",1.0997819900512695,"(102.0, 1066.0, 25.0, 8.0)",Population
17,"""110110010000100010001100""",1.0884350538253784,"(106.0, 1066.0, 25.0, 8.0)",Population
17,"""110110010000100010001100""",1.037345051765442,"(106.0, 1066.0, 25.0, 8.0)",Population
17,"""110110010000100011001100""",1.0455600023269653,"(106.0, 1066.0, 25.0, 8.0)",Population
18,"""110100010000100010001101""",0.4967939853668213,"(102.0, 1066.0, 25.0, 8.0)",Fittest
18,"""110110010000100010001100""",0.5850970149040222,"(106.0, 1066.0, 25.0, 8.0)",Elite
18,"""110100110010101100001000""",0.590453028678894,"(103.0, 1126.0, 23.0, 8.0)",Elite
18,"""110100010000100010001101""",0.9298700094223022,"(102.0, 1066.0, 25.0, 8.0)",Population
18,"""110110010000100010001100""",1.0714069604873657,"(106.0, 1066.0, 25.0, 8.0)",Population
18,"""110100010000100010001101""",1.077543020248413,"(102.0, 1066.0, 25.0, 8.0)",Population
18,"""110100110010101100001000""",0.9517689943313599,"(103.0, 1126.0, 23.0, 8.0)",Population
18,"""110100010000100010001000""",1.1285300254821777,"(102.0, 1066.0, 23.0, 8.0)",Population
18,"""110100110010101100001100""",1.0732200145721436,"(103.0, 1126.0, 25.0, 8.0)",Population
18,"""110110010000100010001100""",1.1124709844589233,"(106.0, 1066.0, 25.0, 8.0)",Population
18,"""110100110010101100001000""",1.0491299629211426,"(103.0, 1126.0, 23.0, 8.0)",Population
18,"""110110010000100011001100""",0.9488540291786194,"(106.0, 1066.0, 25.0, 8.0)",Population
18,"""110100010000100010001101""",0.9735400080680847,"(102.0, 1066.0, 25.0, 8.0)",Population
18,"""110101010000100010001101""",1.1637380123138428,"(104.0, 1066.0, 25.0, 8.0)",Population
18,"""110110010000100010001100""",1.1314669847488403,"(106.0, 1066.0, 25.0, 8.0)",Population
18,"""110100010000100010001101""",1.2825089693069458,"(102.0, 1066.0, 25.0, 8.0)",Population
18,"""110011010000100010001101""",0.9242299795150757,"(101.0, 1066.0, 25.0, 8.0)",Population
18,"""110100010000100010000101""",1.195580005645752,"(102.0, 1066.0, 21.0, 7.0)",Population
18,"""110110010000100010001100""",1.0510050058364868,"(106.0, 1066.0, 25.0, 8.0)",Population
18,"""110100110010101100001000""",1.2479310035705566,"(103.0, 1126.0, 23.0, 8.0)",Population
18,"""110110010000100010001100""",1.1193170547485352,"(106.0, 1066.0, 25.0, 8.0)",Population
18,"""110110010000100010001100""",1.1049000024795532,"(106.0, 1066.0, 25.0, 8.0)",Population
18,"""110100010000100010001101""",0.9027600288391113,"(102.0, 1066.0, 25.0, 8.0)",Population
18,"""110110010000100011001100""",0.953279972076416,"(106.0, 1066.0, 25.0, 8.0)",Population
18,"""010110010000100010001100""",3.0637969970703125,"(55.0, 1066.0, 25.0, 8.0)",Population
18,"""110110000000100010001100""",1.840819001197815,"(106.0, 615.0, 25.0, 8.0)",Population
18,"""110110010000100010001101""",1.0587190389633179,"(106.0, 1066.0, 25.0, 8.0)",Population
18,"""110011010000100010001101""",0.9327999949455261,"(101.0, 1066.0, 25.0, 8.0)",Population
18,"""110110010000100010001000""",0.6631600260734558,"(106.0, 1066.0, 23.0, 8.0)",Population
18,"""110100110010101100001000""",1.219419002532959,"(103.0, 1126.0, 23.0, 8.0)",Population
18,"""110110010000100010001100""",1.0245189666748047,"(106.0, 1066.0, 25.0, 8.0)",Population
19,"""110100010000100010001101""",0.4967939853668213,"(102.0, 1066.0, 25.0, 8.0)",Fittest
19,"""110110010000100010001100""",0.5850970149040222,"(106.0, 1066.0, 25.0, 8.0)",Elite
19,"""110100110010101100001000""",0.590453028678894,"(103.0, 1126.0, 23.0, 8.0)",Elite
19,"""110110010000100011001100""",0.9256010055541992,"(106.0, 1066.0, 25.0, 8.0)",Population
19,"""110100010000100010001101""",1.1115070581436157,"(102.0, 1066.0, 25.0, 8.0)",Population
19,"""110100010000100010001101""",1.0504029989242554,"(102.0, 1066.0, 25.0, 8.0)",Population
19,"""110110010000100010001100""",0.9855899810791016,"(106.0, 1066.0, 25.0, 8.0)",Population
19,"""110110010000100010001101""",1.0899269580841064,"(106.0, 1066.0, 25.0, 8.0)",Population
19,"""110100010000100010001100""",0.9835590124130249,"(102.0, 1066.0, 25.0, 8.0)",Population
19,"""110100010000100010001101""",1.134464979171753,"(102.0, 1066.0, 25.0, 8.0)",Population
19,"""110100110010101100001000""",0.510483980178833,"(103.0, 1126.0, 23.0, 8.0)",Population
19,"""110100010000100010001101""",0.7973939776420593,"(102.0, 1066.0, 25.0, 8.0)",Population
19,"""110011010000100010000101""",1.113608956336975,"(101.0, 1066.0, 21.0, 7.0)",Population
19,"""110100010000100010001101""",1.082824945449829,"(102.0, 1066.0, 25.0, 8.0)",Population
19,"""110110010000100011001100""",1.0728679895401,"(106.0, 1066.0, 25.0, 8.0)",Population
19,"""110010010000100011001100""",1.0274759531021118,"(99.0, 1066.0, 25.0, 8.0)",Population
19,"""110100010000100010001100""",0.9183629751205444,"(102.0, 1066.0, 25.0, 8.0)",Population
19,"""110100010000100010001101""",1.0500500202178955,"(102.0, 1066.0, 25.0, 8.0)",Population
19,"""110100110010101100001000""",1.087041974067688,"(103.0, 1126.0, 23.0, 8.0)",Population
19,"""110110010000100011001100""",0.8121389746665955,"(106.0, 1066.0, 25.0, 8.0)",Population
19,"""110110010000100010001100""",0.9652739763259888,"(106.0, 1066.0, 25.0, 8.0)",Population
19,"""110100010000100010001101""",0.9525489807128906,"(102.0, 1066.0, 25.0, 8.0)",Population
19,"""110100110010101100001000""",1.163133978843689,"(103.0, 1126.0, 23.0, 8.0)",Population
19,"""110011010000100010001101""",1.246034026145935,"(101.0, 1066.0, 25.0, 8.0)",Population
19,"""110110010000100010001100""",1.0800139904022217,"(106.0, 1066.0, 25.0, 8.0)",Population
19,"""110110010000100010001000""",1.040632963180542,"(106.0, 1066.0, 23.0, 8.0)",Population
19,"""110100010000100010101101""",1.526790976524353,"(102.0, 1066.0, 41.0, 14.0)",Population
19,"""110110010000100010001100""",1.1439130306243896,"(106.0, 1066.0, 25.0, 8.0)",Population
19,"""110110010000100010001000""",0.9267129898071289,"(106.0, 1066.0, 23.0, 8.0)",Population
19,"""110100010000100010001101""",1.1240979433059692,"(102.0, 1066.0, 25.0, 8.0)",Population
19,"""110110010000100010001100""",1.1130199432373047,"(106.0, 1066.0, 25.0, 8.0)",Population
20,"""110100010000100010001101""",0.4967939853668213,"(102.0, 1066.0, 25.0, 8.0)",Fittest
20,"""110100110010101100001000""",0.510483980178833,"(103.0, 1126.0, 23.0, 8.0)",Elite
20,"""110110010000100010001100""",0.5850970149040222,"(106.0, 1066.0, 25.0, 8.0)",Elite
20,"""110100010000100010001101""",1.0096590518951416,"(102.0, 1066.0, 25.0, 8.0)",Population
20,"""110100010000100010001100""",1.0946569442749023,"(102.0, 1066.0, 25.0, 8.0)",Population
20,"""100100110010101100001000""",1.329314947128296,"(78.0, 1126.0, 23.0, 8.0)",Population
20,"""110100010000100010011100""",1.0953450202941895,"(102.0, 1066.0, 33.0, 11.0)",Population
20,"""110110110010101100001000""",1.1963069438934326,"(106.0, 1126.0, 23.0, 8.0)",Population
20,"""110110010000100010001100""",0.9104660153388977,"(106.0, 1066.0, 25.0, 8.0)",Population
20,"""110100010000100010001101""",1.2430919408798218,"(102.0, 1066.0, 25.0, 8.0)",Population
20,"""110110010000100011001100""",1.098997950553894,"(106.0, 1066.0, 25.0, 8.0)",Population
20,"""110100110010101100001000""",1.1492819786071777,"(103.0, 1126.0, 23.0, 8.0)",Population
20,"""111110010000100010001100""",1.1563880443572998,"(118.0, 1066.0, 25.0, 8.0)",Population
20,"""110010010000100010001100""",0.8950750231742859,"(99.0, 1066.0, 25.0, 8.0)",Population
20,"""110110010000100011001100""",1.1262149810791016,"(106.0, 1066.0, 25.0, 8.0)",Population
20,"""110110010000100011001100""",1.065796971321106,"(106.0, 1066.0, 25.0, 8.0)",Population
20,"""110101110010101100001000""",1.109320044517517,"(105.0, 1126.0, 23.0, 8.0)",Population
20,"""110100000000100010001101""",1.4717580080032349,"(102.0, 615.0, 25.0, 8.0)",Population
20,"""110110010000000011001100""",1.0219589471817017,"(106.0, 1052.0, 25.0, 8.0)",Population
20,"""110100010000100010001101""",0.9186519980430603,"(102.0, 1066.0, 25.0, 8.0)",Population
20,"""110100110010101100001000""",0.9996359944343567,"(103.0, 1126.0, 23.0, 8.0)",Population
20,"""110100010000100010001100""",0.8203970193862915,"(102.0, 1066.0, 25.0, 8.0)",Population
20,"""110110010000100011001110""",1.2491159439086914,"(106.0, 1066.0, 26.0, 9.0)",Population
20,"""110100010000110010001101""",1.1597850322723389,"(102.0, 1073.0, 25.0, 8.0)",Population
20,"""110110010000100010001100""",0.9013050198554993,"(106.0, 1066.0, 25.0, 8.0)",Population
20,"""110110010000100010001101""",1.2090020179748535,"(106.0, 1066.0, 25.0, 8.0)",Population
20,"""110100010000100010001100""",0.9686160087585449,"(102.0, 1066.0, 25.0, 8.0)",Population
20,"""110110010000100010001100""",1.0938559770584106,"(106.0, 1066.0, 25.0, 8.0)",Population
20,"""110110010000100011001100""",1.0850930213928223,"(106.0, 1066.0, 25.0, 8.0)",Population
20,"""110100010001100010001101""",1.1581799983978271,"(102.0, 1094.0, 25.0, 8.0)",Population
20,"""110100110010101100001000""",1.0899189710617065,"(103.0, 1126.0, 23.0, 8.0)",Population
21,"""110100010000100010001101""",0.4967939853668213,"(102.0, 1066.0, 25.0, 8.0)",Fittest
21,"""110100110010101100001000""",0.510483980178833,"(103.0, 1126.0, 23.0, 8.0)",Elite
21,"""110110010000100010001100""",0.5850970149040222,"(106.0, 1066.0, 25.0, 8.0)",Elite
21,"""110100110010101100001000""",1.020076036453247,"(103.0, 1126.0, 23.0, 8.0)",Population
21,"""110110010000100010001100""",0.8357399702072144,"(106.0, 1066.0, 25.0, 8.0)",Population
21,"""110100110010101100001000""",1.2039660215377808,"(103.0, 1126.0, 23.0, 8.0)",Population
21,"""110010010000100010001100""",1.0178329944610596,"(99.0, 1066.0, 25.0, 8.0)",Population
21,"""110100010000100010001101""",1.0488699674606323,"(102.0, 1066.0, 25.0, 8.0)",Population
21,"""110100110010101100001000""",1.2213059663772583,"(103.0, 1126.0, 23.0, 8.0)",Population
21,"""110100010000100010001100""",1.0206680297851562,"(102.0, 1066.0, 25.0, 8.0)",Population
21,"""111110010000100011001100""",1.0933829545974731,"(118.0, 1066.0, 25.0, 8.0)",Population
21,"""110110010000100010001110""",1.0550739765167236,"(106.0, 1066.0, 26.0, 9.0)",Population
21,"""110100010000100010001100""",0.9675289988517761,"(102.0, 1066.0, 25.0, 8.0)",Population
21,"""110100010000100010001100""",1.1348129510879517,"(102.0, 1066.0, 25.0, 8.0)",Population
21,"""110010010000100010001100""",1.2383639812469482,"(99.0, 1066.0, 25.0, 8.0)",Population
21,"""110110010000000010001100""",0.9288370013237,"(106.0, 1052.0, 25.0, 8.0)",Population
21,"""110100110010101100001000""",1.1174169778823853,"(103.0, 1126.0, 23.0, 8.0)",Population
21,"""110110010000000011001100""",0.8195649981498718,"(106.0, 1052.0, 25.0, 8.0)",Population
21,"""110100010000100010001101""",1.1281579732894897,"(102.0, 1066.0, 25.0, 8.0)",Population
21,"""100100110010101100001000""",1.3933030366897583,"(78.0, 1126.0, 23.0, 8.0)",Population
21,"""110100010000100010001101""",1.1539759635925293,"(102.0, 1066.0, 25.0, 8.0)",Population
21,"""110110010000100010001000""",0.6668319702148438,"(106.0, 1066.0, 23.0, 8.0)",Population
21,"""110100010000100010001101""",0.9857460260391235,"(102.0, 1066.0, 25.0, 8.0)",Population
21,"""110100110010101100001000""",1.4779870510101318,"(103.0, 1126.0, 23.0, 8.0)",Population
21,"""110100011000100010001101""",2.170919895172119,"(102.0, 1291.0, 25.0, 8.0)",Population
21,"""110100010000100010001101""",1.0242600440979004,"(102.0, 1066.0, 25.0, 8.0)",Population
21,"""010100010000100010001100""",2.1870648860931396,"(52.0, 1066.0, 25.0, 8.0)",Population
21,"""110110010000100011001100""",1.0106120109558105,"(106.0, 1066.0, 25.0, 8.0)",Population
21,"""100100010100100010001101""",1.0728540420532227,"(77.0, 1178.0, 25.0, 8.0)",Population
21,"""110110010000100010001100""",1.3247300386428833,"(106.0, 1066.0, 25.0, 8.0)",Population
21,"""110010011000100010001100""",1.9784369468688965,"(99.0, 1291.0, 25.0, 8.0)",Population
22,"""110100010000100010001101""",0.4967939853668213,"(102.0, 1066.0, 25.0, 8.0)",Fittest
22,"""110100110010101100001000""",0.510483980178833,"(103.0, 1126.0, 23.0, 8.0)",Elite
22,"""110110010000100010001100""",0.5850970149040222,"(106.0, 1066.0, 25.0, 8.0)",Elite
22,"""110100010000100010001101""",0.8224300146102905,"(102.0, 1066.0, 25.0, 8.0)",Population
22,"""110110010000000010001100""",1.4248030185699463,"(106.0, 1052.0, 25.0, 8.0)",Population
22,"""110110010010000010001100""",1.4595919847488403,"(106.0, 1108.0, 25.0, 8.0)",Population
22,"""110110010000100010001000""",1.1034270524978638,"(106.0, 1066.0, 23.0, 8.0)",Population
22,"""110100110010101100001000""",1.4905990362167358,"(103.0, 1126.0, 23.0, 8.0)",Population
22,"""110110010000000010001100""",1.2233339548110962,"(106.0, 1052.0, 25.0, 8.0)",Population
22,"""110100010000100010001101""",0.9904329776763916,"(102.0, 1066.0, 25.0, 8.0)",Population
22,"""110100010000100010001100""",1.1294260025024414,"(102.0, 1066.0, 25.0, 8.0)",Population
22,"""111110010000100010001000""",1.6840670108795166,"(118.0, 1066.0, 23.0, 8.0)",Population
22,"""110110010000000011001100""",1.0486760139465332,"(106.0, 1052.0, 25.0, 8.0)",Population
22,"""110110010000100010001100""",1.25690495967865,"(106.0, 1066.0, 25.0, 8.0)",Population
22,"""110100010000100010001101""",0.950281023979187,"(102.0, 1066.0, 25.0, 8.0)",Population
22,"""110110010000100010001000""",1.1896309852600098,"(106.0, 1066.0, 23.0, 8.0)",Population
22,"""110100110010101000001100""",1.550887942314148,"(103.0, 1125.0, 25.0, 8.0)",Population
22,"""110100010000100010001101""",1.2093679904937744,"(102.0, 1066.0, 25.0, 8.0)",Population
22,"""110100110010101100001000""",1.3232769966125488,"(103.0, 1126.0, 23.0, 8.0)",Population
22,"""100110010010000011001100""",1.2318240404129028,"(80.0, 1108.0, 25.0, 8.0)",Population
22,"""110100010000100010001101""",1.237023949623108,"(102.0, 1066.0, 25.0, 8.0)",Population
22,"""110110010000100010001100""",1.4146360158920288,"(106.0, 1066.0, 25.0, 8.0)",Population
22,"""110100110010101100001000""",1.5454339981079102,"(103.0, 1126.0, 23.0, 8.0)",Population
22,"""110100010000100010001100""",1.2470179796218872,"(102.0, 1066.0, 25.0, 8.0)",Population
22,"""110100010000100010001101""",1.1575160026550293,"(102.0, 1066.0, 25.0, 8.0)",Population
22,"""110110010000100010001100""",0.9916689991950989,"(106.0, 1066.0, 25.0, 8.0)",Population
22,"""110110010000100010001000""",1.1003669500350952,"(106.0, 1066.0, 23.0, 8.0)",Population
22,"""110110010000100010001100""",1.0962309837341309,"(106.0, 1066.0, 25.0, 8.0)",Population
22,"""110100010000110010001100""",1.017137050628662,"(102.0, 1073.0, 25.0, 8.0)",Population
22,"""110101010000100010001100""",0.7895089983940125,"(104.0, 1066.0, 25.0, 8.0)",Population
22,"""110110010000000011001100""",1.0209790468215942,"(106.0, 1052.0, 25.0, 8.0)",Population
23,"""110100010000100010001101""",0.4967939853668213,"(102.0, 1066.0, 25.0, 8.0)",Fittest
23,"""110100110010101100001000""",0.510483980178833,"(103.0, 1126.0, 23.0, 8.0)",Elite
23,"""110110010000100010001100""",0.5850970149040222,"(106.0, 1066.0, 25.0, 8.0)",Elite
23,"""110100010000100010001101""",1.0193769931793213,"(102.0, 1066.0, 25.0, 8.0)",Population
23,"""110110010000000011001100""",1.1270079612731934,"(106.0, 1052.0, 25.0, 8.0)",Population
23,"""110100010000110000001000""",0.8702430129051208,"(102.0, 1072.0, 23.0, 8.0)",Population
23,"""110100010000100011001101""",0.8685320019721985,"(102.0, 1066.0, 25.0, 8.0)",Population
23,"""110100010000100010001100""",1.136104941368103,"(102.0, 1066.0, 25.0, 8.0)",Population
23,"""110101010000100010001101""",0.9945240020751953,"(104.0, 1066.0, 25.0, 8.0)",Population
23,"""110100110000101100001101""",0.9375090003013611,"(103.0, 1070.0, 25.0, 8.0)",Population
23,"""110100010010100010001000""",0.9639809727668762,"(102.0, 1122.0, 23.0, 8.0)",Population
23,"""100110010000100010001100""",1.330361008644104,"(80.0, 1066.0, 25.0, 8.0)",Population
23,"""110100010000100010001101""",1.0783439874649048,"(102.0, 1066.0, 25.0, 8.0)",Population
23,"""110100010000100010001101""",0.5870220065116882,"(102.0, 1066.0, 25.0, 8.0)",Population
23,"""110110010000100010001100""",0.5697029829025269,"(106.0, 1066.0, 25.0, 8.0)",Population
23,"""110100110010101100001000""",0.8378469944000244,"(103.0, 1126.0, 23.0, 8.0)",Population
23,"""110100010000100010001101""",1.1673539876937866,"(102.0, 1066.0, 25.0, 8.0)",Population
23,"""110100010100100010001100""",1.3121570348739624,"(102.0, 1178.0, 25.0, 8.0)",Population
23,"""111110010000100010001101""",1.1535249948501587,"(118.0, 1066.0, 25.0, 8.0)",Population
23,"""110100010000100010001101""",0.8191390037536621,"(102.0, 1066.0, 25.0, 8.0)",Population
23,"""110101010010100010001100""",1.2443710565567017,"(104.0, 1122.0, 25.0, 8.0)",Population
23,"""110110010000100010001100""",1.118677020072937,"(106.0, 1066.0, 25.0, 8.0)",Population
23,"""110100010000100010001101""",1.0726850032806396,"(102.0, 1066.0, 25.0, 8.0)",Population
23,"""110110010000100010001100""",1.0524070262908936,"(106.0, 1066.0, 25.0, 8.0)",Population
23,"""110100110010101100001000""",1.1606659889221191,"(103.0, 1126.0, 23.0, 8.0)",Population
23,"""110110010000100010001100""",1.0112149715423584,"(106.0, 1066.0, 25.0, 8.0)",Population
23,"""100100010000100011101101""",2.4849390983581543,"(77.0, 1066.0, 41.0, 14.0)",Population
23,"""110100010000100010001101""",0.9671040177345276,"(102.0, 1066.0, 25.0, 8.0)",Population
23,"""111110010000100010001000""",1.0429370403289795,"(118.0, 1066.0, 23.0, 8.0)",Population
23,"""110110010000100010001100""",1.0757149457931519,"(106.0, 1066.0, 25.0, 8.0)",Population
23,"""110100011000100010001101""",1.6829639673233032,"(102.0, 1291.0, 25.0, 8.0)",Population
24,"""110100010000100010001101""",0.4967939853668213,"(102.0, 1066.0, 25.0, 8.0)",Fittest
24,"""110100110010101100001000""",0.510483980178833,"(103.0, 1126.0, 23.0, 8.0)",Elite
24,"""110110010000100010001100""",0.5697029829025269,"(106.0, 1066.0, 25.0, 8.0)",Elite
24,"""110101010000100010001100""",0.9923740029335022,"(104.0, 1066.0, 25.0, 8.0)",Population
24,"""110110010000100010001101""",0.9623510241508484,"(106.0, 1066.0, 25.0, 8.0)",Population
24,"""110100011000100011000101""",1.7473779916763306,"(102.0, 1291.0, 21.0, 7.0)",Population
24,"""110110011000100010001100""",2.3556039333343506,"(106.0, 1291.0, 25.0, 8.0)",Population
24,"""110110010000100010001100""",1.0376720428466797,"(106.0, 1066.0, 25.0, 8.0)",Population
24,"""110100010000100010001101""",1.1213229894638062,"(102.0, 1066.0, 25.0, 8.0)",Population
24,"""110110010000100010001100""",1.0343129634857178,"(106.0, 1066.0, 25.0, 8.0)",Population
24,"""110100010000100010001101""",1.1057510375976562,"(102.0, 1066.0, 25.0, 8.0)",Population
24,"""110100010000100011001101""",0.8736310005187988,"(102.0, 1066.0, 25.0, 8.0)",Population
24,"""110100010000100010001101""",1.0350650548934937,"(102.0, 1066.0, 25.0, 8.0)",Population
24,"""110100010000110000001000""",1.0235960483551025,"(102.0, 1072.0, 23.0, 8.0)",Population
24,"""110100110010101100001000""",1.1463359594345093,"(103.0, 1126.0, 23.0, 8.0)",Population
24,"""110101110000101100001101""",1.1786459684371948,"(105.0, 1070.0, 25.0, 8.0)",Population
24,"""110100010000100010001101""",1.0151360034942627,"(102.0, 1066.0, 25.0, 8.0)",Population
24,"""110100010000110000001000""",1.0033010244369507,"(102.0, 1072.0, 23.0, 8.0)",Population
24,"""110100110010101100001000""",1.2205729484558105,"(103.0, 1126.0, 23.0, 8.0)",Population
24,"""110100010000100011001101""",0.9804459810256958,"(102.0, 1066.0, 25.0, 8.0)",Population
24,"""110110010000100010001100""",1.1046229600906372,"(106.0, 1066.0, 25.0, 8.0)",Population
24,"""111110010000100010001000""",1.2910879850387573,"(118.0, 1066.0, 23.0, 8.0)",Population
24,"""110100010000100011001101""",0.7293140292167664,"(102.0, 1066.0, 25.0, 8.0)",Population
24,"""110100010000100010001100""",1.0431079864501953,"(102.0, 1066.0, 25.0, 8.0)",Population
24,"""110110010000100010001101""",0.961463987827301,"(106.0, 1066.0, 25.0, 8.0)",Population
24,"""110100010000110010001000""",0.9759340286254883,"(102.0, 1073.0, 23.0, 8.0)",Population
24,"""110100010000100010001101""",1.080780029296875,"(102.0, 1066.0, 25.0, 8.0)",Population
24,"""110100010010100010000101""",1.3340970277786255,"(102.0, 1122.0, 21.0, 7.0)",Population
24,"""100100010000010000001000""",1.4431170225143433,"(77.0, 1058.0, 23.0, 8.0)",Population
24,"""100100110010100100001000""",1.4697190523147583,"(78.0, 1123.0, 23.0, 8.0)",Population
24,"""110100010000110000001000""",1.0263210535049438,"(102.0, 1072.0, 23.0, 8.0)",Population
25,"""110100010000100010001101""",0.4967939853668213,"(102.0, 1066.0, 25.0, 8.0)",Fittest
25,"""110100110010101100001000""",0.510483980178833,"(103.0, 1126.0, 23.0, 8.0)",Elite
25,"""110110010000100010001100""",0.5697029829025269,"(106.0, 1066.0, 25.0, 8.0)",Elite
25,"""110101110010101100001000""",1.1550849676132202,"(105.0, 1126.0, 23.0, 8.0)",Population
25,"""110110010000100010001100""",1.1351679563522339,"(106.0, 1066.0, 25.0, 8.0)",Population
25,"""110110010000100010001000""",1.0089000463485718,"(106.0, 1066.0, 23.0, 8.0)",Population
25,"""110100110010101100001000""",1.153771996498108,"(103.0, 1126.0, 23.0, 8.0)",Population
25,"""110100010000100010001101""",1.1216239929199219,"(102.0, 1066.0, 25.0, 8.0)",Population
25,"""110110110000100010001101""",1.0008759498596191,"(106.0, 1066.0, 25.0, 8.0)",Population
25,"""110100010000100010001101""",0.8775069713592529,"(102.0, 1066.0, 25.0, 8.0)",Population
25,"""110100110010101100001000""",1.0444209575653076,"(103.0, 1126.0, 23.0, 8.0)",Population
25,"""110110010000100010001101""",1.033378005027771,"(106.0, 1066.0, 25.0, 8.0)",Population
25,"""110110010000100010001100""",1.1219969987869263,"(106.0, 1066.0, 25.0, 8.0)",Population
25,"""110110010000100000001000""",1.0775970220565796,"(106.0, 1065.0, 23.0, 8.0)",Population
25,"""110100010000110010001100""",1.155107021331787,"(102.0, 1073.0, 25.0, 8.0)",Population
25,"""110100110010101100001000""",0.8836309909820557,"(103.0, 1126.0, 23.0, 8.0)",Population
25,"""110110010000100010001100""",0.948652982711792,"(106.0, 1066.0, 25.0, 8.0)",Population
25,"""110100010000100011001101""",1.1367590427398682,"(102.0, 1066.0, 25.0, 8.0)",Population
25,"""110110010000110010001101""",0.9720050096511841,"(106.0, 1073.0, 25.0, 8.0)",Population
25,"""110100010000100011001101""",1.1294870376586914,"(102.0, 1066.0, 25.0, 8.0)",Population
25,"""110110010000100010001101""",1.0307719707489014,"(106.0, 1066.0, 25.0, 8.0)",Population
25,"""110100010000100010001101""",1.313562035560608,"(102.0, 1066.0, 25.0, 8.0)",Population
25,"""110100010000110011001101""",0.8589329719543457,"(102.0, 1073.0, 25.0, 8.0)",Population
25,"""110100010000100011001101""",1.0330339670181274,"(102.0, 1066.0, 25.0, 8.0)",Population
25,"""110110010000100010001101""",0.9037330150604248,"(106.0, 1066.0, 25.0, 8.0)",Population
25,"""110100010000100010001101""",1.0382750034332275,"(102.0, 1066.0, 25.0, 8.0)",Population
25,"""110110010000100010001100""",0.9718909859657288,"(106.0, 1066.0, 25.0, 8.0)",Population
25,"""110110010000100010001101""",1.0485910177230835,"(106.0, 1066.0, 25.0, 8.0)",Population
25,"""110100010000100011001101""",1.0337530374526978,"(102.0, 1066.0, 25.0, 8.0)",Population
25,"""110100110010101100001000""",0.978859007358551,"(103.0, 1126.0, 23.0, 8.0)",Population
25,"""110110010000100010001100""",1.0733460187911987,"(106.0, 1066.0, 25.0, 8.0)",Population
26,"""110100010000100010001101""",0.4967939853668213,"(102.0, 1066.0, 25.0, 8.0)",Fittest
26,"""110100110010101100001000""",0.510483980178833,"(103.0, 1126.0, 23.0, 8.0)",Elite
26,"""110110010000100010001100""",0.5697029829025269,"(106.0, 1066.0, 25.0, 8.0)",Elite
26,"""110100110010101100001000""",1.1168160438537598,"(103.0, 1126.0, 23.0, 8.0)",Population
26,"""110110010000100010101101""",1.2332199811935425,"(106.0, 1066.0, 41.0, 14.0)",Population
26,"""110100010000110011001101""",1.1323809623718262,"(102.0, 1073.0, 25.0, 8.0)",Population
26,"""110100010000100010001101""",0.9185010194778442,"(102.0, 1066.0, 25.0, 8.0)",Population
26,"""010100110010101100001000""",2.326251983642578,"(53.0, 1126.0, 23.0, 8.0)",Population
26,"""110101010000100010001101""",1.0434980392456055,"(104.0, 1066.0, 25.0, 8.0)",Population
26,"""110100010000110011001101""",1.1921019554138184,"(102.0, 1073.0, 25.0, 8.0)",Population
26,"""110110010000100000001101""",1.0004169940948486,"(106.0, 1065.0, 25.0, 8.0)",Population
26,"""110110010000110010001101""",0.8162130117416382,"(106.0, 1073.0, 25.0, 8.0)",Population
26,"""110100010000100010001101""",0.9912030100822449,"(102.0, 1066.0, 25.0, 8.0)",Population
26,"""110110010000100010001000""",1.0427800416946411,"(106.0, 1066.0, 23.0, 8.0)",Population
26,"""110100010000100011001101""",0.8164510130882263,"(102.0, 1066.0, 25.0, 8.0)",Population
26,"""110110010000100010001100""",1.2735919952392578,"(106.0, 1066.0, 25.0, 8.0)",Population
26,"""110100010000100010001100""",1.0712419748306274,"(102.0, 1066.0, 25.0, 8.0)",Population
26,"""110110010000100010001101""",1.1227389574050903,"(106.0, 1066.0, 25.0, 8.0)",Population
26,"""110110010000100000101000""",1.2676349878311157,"(106.0, 1065.0, 39.0, 13.0)",Population
26,"""110100110010101100001000""",1.0824209451675415,"(103.0, 1126.0, 23.0, 8.0)",Population
26,"""110110010000100010001100""",0.9790430068969727,"(106.0, 1066.0, 25.0, 8.0)",Population
26,"""110100010000100010001111""",1.0382360219955444,"(102.0, 1066.0, 26.0, 9.0)",Population
26,"""110110010000100010001100""",1.0819590091705322,"(106.0, 1066.0, 25.0, 8.0)",Population
26,"""110100110010101100001000""",1.1221959590911865,"(103.0, 1126.0, 23.0, 8.0)",Population
26,"""110100010000100010001101""",1.0523179769515991,"(102.0, 1066.0, 25.0, 8.0)",Population
26,"""110110010000100010001000""",0.968163013458252,"(106.0, 1066.0, 23.0, 8.0)",Population
26,"""110110010000100010001100""",1.118811011314392,"(106.0, 1066.0, 25.0, 8.0)",Population
26,"""110110010000100010001100""",1.0938010215759277,"(106.0, 1066.0, 25.0, 8.0)",Population
26,"""110100010000100010001101""",1.0316369533538818,"(102.0, 1066.0, 25.0, 8.0)",Population
26,"""110110010000100010001100""",0.8543850183486938,"(106.0, 1066.0, 25.0, 8.0)",Population
26,"""110100110010101100001000""",0.8556659817695618,"(103.0, 1126.0, 23.0, 8.0)",Population
27,"""110100010000100010001101""",0.4967939853668213,"(102.0, 1066.0, 25.0, 8.0)",Fittest
27,"""110100110010101100001000""",0.510483980178833,"(103.0, 1126.0, 23.0, 8.0)",Elite
27,"""110110010000100010001100""",0.5697029829025269,"(106.0, 1066.0, 25.0, 8.0)",Elite
27,"""110100010000100010001101""",1.1901040077209473,"(102.0, 1066.0, 25.0, 8.0)",Population
27,"""110110010000100010001100""",1.1251989603042603,"(106.0, 1066.0, 25.0, 8.0)",Population
27,"""110100110010101100001000""",1.2205239534378052,"(103.0, 1126.0, 23.0, 8.0)",Population
27,"""110110010000100010001100""",0.9680950045585632,"(106.0, 1066.0, 25.0, 8.0)",Population
27,"""110100100010101100001000""",1.4106290340423584,"(103.0, 676.0, 23.0, 8.0)",Population
27,"""110110010000100010001100""",0.8937240242958069,"(106.0, 1066.0, 25.0, 8.0)",Population
27,"""110110010000110010001101""",1.1468119621276855,"(106.0, 1073.0, 25.0, 8.0)",Population
27,"""110100010000100010001101""",0.9682819843292236,"(102.0, 1066.0, 25.0, 8.0)",Population
27,"""110100010000100011001101""",1.0483540296554565,"(102.0, 1066.0, 25.0, 8.0)",Population
27,"""110100110010101100001000""",1.3156379461288452,"(103.0, 1126.0, 23.0, 8.0)",Population
27,"""110100010000100010001101""",1.1034610271453857,"(102.0, 1066.0, 25.0, 8.0)",Population
27,"""110110010000101010001001""",999.0,"(106.0, 1069.0, 23.0, 8.0)",Population
27,"""110100110010101100001000""",1.1902079582214355,"(103.0, 1126.0, 23.0, 8.0)",Population
27,"""110100010000100011001101""",0.9320930242538452,"(102.0, 1066.0, 25.0, 8.0)",Population
27,"""110110010000100010001100""",1.0444949865341187,"(106.0, 1066.0, 25.0, 8.0)",Population
27,"""110100110010101100001000""",0.9989290237426758,"(103.0, 1126.0, 23.0, 8.0)",Population
27,"""110100010000100010001101""",0.9894800186157227,"(102.0, 1066.0, 25.0, 8.0)",Population
27,"""110100110010101100001000""",1.2160910367965698,"(103.0, 1126.0, 23.0, 8.0)",Population
27,"""110100010000100011101101""",1.204198956489563,"(102.0, 1066.0, 41.0, 14.0)",Population
27,"""110110010000100010001100""",1.1296600103378296,"(106.0, 1066.0, 25.0, 8.0)",Population
27,"""110100110010101100001000""",0.8400459885597229,"(103.0, 1126.0, 23.0, 8.0)",Population
27,"""100110010000110010001101""",1.4183659553527832,"(80.0, 1073.0, 25.0, 8.0)",Population
27,"""110110010000100010001100""",1.1018290519714355,"(106.0, 1066.0, 25.0, 8.0)",Population
27,"""110100010000100011001101""",0.927016019821167,"(102.0, 1066.0, 25.0, 8.0)",Population
27,"""110100010000100010001101""",0.8168730139732361,"(102.0, 1066.0, 25.0, 8.0)",Population
27,"""010100010000100011001101""",2.1300721168518066,"(52.0, 1066.0, 25.0, 8.0)",Population
27,"""110100010010101100001000""",1.2405949831008911,"(102.0, 1126.0, 23.0, 8.0)",Population
27,"""110100110000100010001101""",1.0015230178833008,"(103.0, 1066.0, 25.0, 8.0)",Population
28,"""110100010000100010001101""",0.4967939853668213,"(102.0, 1066.0, 25.0, 8.0)",Fittest
28,"""110100110010101100001000""",0.510483980178833,"(103.0, 1126.0, 23.0, 8.0)",Elite
28,"""110110010000100010001100""",0.5697029829025269,"(106.0, 1066.0, 25.0, 8.0)",Elite
28,"""110110010000100010001100""",1.084346055984497,"(106.0, 1066.0, 25.0, 8.0)",Population
28,"""110100110010101100001000""",1.1600589752197266,"(103.0, 1126.0, 23.0, 8.0)",Population
28,"""010110010000100010001100""",2.134993076324463,"(55.0, 1066.0, 25.0, 8.0)",Population
28,"""110110110010101000001000""",1.118008017539978,"(106.0, 1125.0, 23.0, 8.0)",Population
28,"""110100010000100010001100""",1.0206960439682007,"(102.0, 1066.0, 25.0, 8.0)",Population
28,"""110110010000100010001101""",0.7922350168228149,"(106.0, 1066.0, 25.0, 8.0)",Population
28,"""110100010000100010001101""",1.0638339519500732,"(102.0, 1066.0, 25.0, 8.0)",Population
28,"""110110010000100000001100""",0.8521130084991455,"(106.0, 1065.0, 25.0, 8.0)",Population
28,"""110100110010101100001000""",1.1071590185165405,"(103.0, 1126.0, 23.0, 8.0)",Population
28,"""110100010000100010001101""",0.9775260090827942,"(102.0, 1066.0, 25.0, 8.0)",Population
28,"""110100110010101100001000""",1.2999110221862793,"(103.0, 1126.0, 23.0, 8.0)",Population
28,"""110100010000100010001101""",0.9388560056686401,"(102.0, 1066.0, 25.0, 8.0)",Population
28,"""110100110000100010001000""",1.0974949598312378,"(103.0, 1066.0, 23.0, 8.0)",Population
28,"""110110010010101100001100""",1.25163996219635,"(106.0, 1126.0, 25.0, 8.0)",Population
28,"""110100110010101100001000""",1.111320972442627,"(103.0, 1126.0, 23.0, 8.0)",Population
28,"""110110010000100010001100""",1.0888999700546265,"(106.0, 1066.0, 25.0, 8.0)",Population
28,"""110110010000100010101100""",1.6187729835510254,"(106.0, 1066.0, 41.0, 14.0)",Population
28,"""110100010000100010001101""",1.0014100074768066,"(102.0, 1066.0, 25.0, 8.0)",Population
28,"""110100010000100010001101""",1.0003889799118042,"(102.0, 1066.0, 25.0, 8.0)",Population
28,"""110110010000100010001100""",1.133178949356079,"(106.0, 1066.0, 25.0, 8.0)",Population
28,"""110100110010101100001000""",1.0606679916381836,"(103.0, 1126.0, 23.0, 8.0)",Population
28,"""110110010000100010001101""",1.1197689771652222,"(106.0, 1066.0, 25.0, 8.0)",Population
28,"""110100110010101100001000""",1.160923957824707,"(103.0, 1126.0, 23.0, 8.0)",Population
28,"""110100010000100010001101""",0.5590119957923889,"(102.0, 1066.0, 25.0, 8.0)",Population
28,"""110100010000100010001001""",1.11946702003479,"(102.0, 1066.0, 23.0, 8.0)",Population
28,"""110100010000100011001101""",1.1322400569915771,"(102.0, 1066.0, 25.0, 8.0)",Population
28,"""110100010000100010001101""",1.0041840076446533,"(102.0, 1066.0, 25.0, 8.0)",Population
28,"""110100100000100010001101""",1.6058260202407837,"(103.0, 615.0, 25.0, 8.0)",Population
29,"""110100010000100010001101""",0.4967939853668213,"(102.0, 1066.0, 25.0, 8.0)",Fittest
29,"""110100110010101100001000""",0.510483980178833,"(103.0, 1126.0, 23.0, 8.0)",Elite
29,"""110100010000100010001101""",0.5590119957923889,"(102.0, 1066.0, 25.0, 8.0)",Elite
29,"""110100110010101100001000""",1.2143980264663696,"(103.0, 1126.0, 23.0, 8.0)",Population
29,"""110100010000100010011101""",1.157052993774414,"(102.0, 1066.0, 33.0, 11.0)",Population
29,"""110100010000100010001101""",1.0964839458465576,"(102.0, 1066.0, 25.0, 8.0)",Population
29,"""110110010000110010001100""",1.0926510095596313,"(106.0, 1073.0, 25.0, 8.0)",Population
29,"""010100010000100010001101""",2.3738279342651367,"(52.0, 1066.0, 25.0, 8.0)",Population
29,"""110100010000100010001100""",0.9974480271339417,"(102.0, 1066.0, 25.0, 8.0)",Population
29,"""110100110010100010001101""",1.0548909902572632,"(103.0, 1122.0, 25.0, 8.0)",Population
29,"""110100010000111100001000""",0.9814199805259705,"(102.0, 1077.0, 23.0, 8.0)",Population
29,"""110100010000100010001101""",1.0809420347213745,"(102.0, 1066.0, 25.0, 8.0)",Population
29,"""110110010000100010001100""",1.0335789918899536,"(106.0, 1066.0, 25.0, 8.0)",Population
29,"""110100010000100010001101""",0.8166159987449646,"(102.0, 1066.0, 25.0, 8.0)",Population
29,"""110100110010101100001000""",999.0,"(103.0, 1126.0, 23.0, 8.0)",Population
29,"""110110010000100010001100""",0.6360160112380981,"(106.0, 1066.0, 25.0, 8.0)",Population
29,"""110100010000100010001101""",1.2120959758758545,"(102.0, 1066.0, 25.0, 8.0)",Population
29,"""110100010000100010001001""",0.9911050200462341,"(102.0, 1066.0, 23.0, 8.0)",Population
29,"""110100010000100010001101""",1.190032958984375,"(102.0, 1066.0, 25.0, 8.0)",Population
29,"""110100010000100010000101""",1.078354001045227,"(102.0, 1066.0, 21.0, 7.0)",Population
29,"""111100010000100010001100""",0.6826789975166321,"(115.0, 1066.0, 25.0, 8.0)",Population
29,"""110100110000100010001000""",1.0135849714279175,"(103.0, 1066.0, 23.0, 8.0)",Population
29,"""111100010000100010001101""",1.0738489627838135,"(115.0, 1066.0, 25.0, 8.0)",Population
29,"""110110010000100100001100""",0.9805160164833069,"(106.0, 1067.0, 25.0, 8.0)",Population
29,"""110100110010101100001000""",1.0467629432678223,"(103.0, 1126.0, 23.0, 8.0)",Population
29,"""110100010000100010001101""",1.0633130073547363,"(102.0, 1066.0, 25.0, 8.0)",Population
29,"""110110010000100010001100""",1.0527759790420532,"(106.0, 1066.0, 25.0, 8.0)",Population
29,"""110100010000100010001101""",1.0948059558868408,"(102.0, 1066.0, 25.0, 8.0)",Population
29,"""111100110010101100001000""",1.3701380491256714,"(116.0, 1126.0, 23.0, 8.0)",Population
29,"""110110010000100010001101""",1.0664739608764648,"(106.0, 1066.0, 25.0, 8.0)",Population
29,"""110100110010101100001000""",0.9901760220527649,"(103.0, 1126.0, 23.0, 8.0)",Population
*,*,*,*,*
0,"""110100010000100110001101""",0.8828099966049194,"(102.0, 1067.0, 25.0, 8.0)",Fittest
1,"""110100110010101100001000""",0.8055430054664612,"(103.0, 1126.0, 23.0, 8.0)",Fittest
2,"""110100110010101100001000""",0.7377660274505615,"(103.0, 1126.0, 23.0, 8.0)",Fittest
3,"""110100110010101100001000""",0.7377660274505615,"(103.0, 1126.0, 23.0, 8.0)",Fittest
4,"""110110010000100010001101""",0.6054310202598572,"(106.0, 1066.0, 25.0, 8.0)",Fittest
5,"""110110010000100010001101""",0.6054310202598572,"(106.0, 1066.0, 25.0, 8.0)",Fittest
6,"""110100110010101100001000""",0.590453028678894,"(103.0, 1126.0, 23.0, 8.0)",Fittest
7,"""110100110010101100001000""",0.590453028678894,"(103.0, 1126.0, 23.0, 8.0)",Fittest
8,"""110100110010101100001000""",0.590453028678894,"(103.0, 1126.0, 23.0, 8.0)",Fittest
9,"""110100110010101100001000""",0.590453028678894,"(103.0, 1126.0, 23.0, 8.0)",Fittest
10,"""110100110010101100001000""",0.590453028678894,"(103.0, 1126.0, 23.0, 8.0)",Fittest
11,"""110100110010101100001000""",0.590453028678894,"(103.0, 1126.0, 23.0, 8.0)",Fittest
12,"""110110010000100010001100""",0.5850970149040222,"(106.0, 1066.0, 25.0, 8.0)",Fittest
13,"""110110010000100010001100""",0.5850970149040222,"(106.0, 1066.0, 25.0, 8.0)",Fittest
14,"""110110010000100010001100""",0.5850970149040222,"(106.0, 1066.0, 25.0, 8.0)",Fittest
15,"""110100010000100010001101""",0.4967939853668213,"(102.0, 1066.0, 25.0, 8.0)",Fittest
16,"""110100010000100010001101""",0.4967939853668213,"(102.0, 1066.0, 25.0, 8.0)",Fittest
17,"""110100010000100010001101""",0.4967939853668213,"(102.0, 1066.0, 25.0, 8.0)",Fittest
18,"""110100010000100010001101""",0.4967939853668213,"(102.0, 1066.0, 25.0, 8.0)",Fittest
19,"""110100010000100010001101""",0.4967939853668213,"(102.0, 1066.0, 25.0, 8.0)",Fittest
20,"""110100010000100010001101""",0.4967939853668213,"(102.0, 1066.0, 25.0, 8.0)",Fittest
21,"""110100010000100010001101""",0.4967939853668213,"(102.0, 1066.0, 25.0, 8.0)",Fittest
22,"""110100010000100010001101""",0.4967939853668213,"(102.0, 1066.0, 25.0, 8.0)",Fittest
23,"""110100010000100010001101""",0.4967939853668213,"(102.0, 1066.0, 25.0, 8.0)",Fittest
24,"""110100010000100010001101""",0.4967939853668213,"(102.0, 1066.0, 25.0, 8.0)",Fittest
25,"""110100010000100010001101""",0.4967939853668213,"(102.0, 1066.0, 25.0, 8.0)",Fittest
26,"""110100010000100010001101""",0.4967939853668213,"(102.0, 1066.0, 25.0, 8.0)",Fittest
27,"""110100010000100010001101""",0.4967939853668213,"(102.0, 1066.0, 25.0, 8.0)",Fittest
28,"""110100010000100010001101""",0.4967939853668213,"(102.0, 1066.0, 25.0, 8.0)",Fittest
29,"""110100010000100010001101""",0.4967939853668213,"(102.0, 1066.0, 25.0, 8.0)",Fittest
