873,0.0,0
874,0.01,0
875,0.02,0
876,0.03,0
877,0.04,0
878,0.05,5
879,0.06,0
880,0.07,0
881,0.08,0
882,0.09,0
883,0.1,10
884,0.11,0
885,0.12,0
886,0.13,0
887,0.14,0
888,0.15,15
889,0.16,0
890,0.17,0
891,0.18,0
892,0.19,0
893,0.2,20
894,0.21,0
895,0.22,0
896,0.23,0
897,0.24,0
898,0.25,25
899,0.26,0
900,0.27,0
901,0.28,0
902,0.29,0
903,0.3,30
904,0.31,0
905,0.32,0
906,0.33,0
907,0.34,0
908,0.35,35
909,0.36,0
910,0.37,0
911,0.38,0
912,0.39,0
913,0.4,40
914,0.41,0
915,0.42,0
916,0.43,0
917,0.44,0
918,0.45,45
919,0.46,0
920,0.47,0
921,0.48,0
922,0.49,0
923,0.5,50
924,0.51,0
925,0.52,0
926,0.53,0
927,0.54,0
928,0.55,55
929,0.56,0
930,0.57,0
931,0.58,0
932,0.59,0
933,0.6,60
934,0.61,0
935,0.62,0
936,0.63,0
937,0.64,0
938,0.65,65
939,0.66,0
940,0.67,0
941,0.68,0
942,0.69,0
943,0.7,70
944,0.71,0
945,0.72,0
946,0.73,0
947,0.74,0
948,0.75,75
949,0.76,0
950,0.77,0
951,0.78,0
952,0.79,0
953,0.8,80
954,0.81,0
955,0.82,0
956,0.83,0
957,0.84,0
958,0.85,85
959,0.86,0
960,0.87,0
961,0.88,0
962,0.89,0
963,0.9,90
964,0.91,0
965,0.92,0
966,0.93,0
967,0.94,0
968,0.95,95
969,0.96,0
970,0.97,0
971,0.98,0
972,0.99,0
973,1.0,100
974,1.01,0
975,1.02,0
976,1.03,0
977,1.04,0
978,1.05,105
979,1.06,0
980,1.07,0
981,1.08,0
982,1.09,0
983,1.1,110
984,1.11,0
985,1.12,0
986,1.13,0
987,1.14,0
988,1.15,115
989,1.16,0
990,1.17,0
991,1.18,0
992,1.19,0
993,1.2,120
994,1.21,0
995,1.22,0
996,1.23,0
997,1.24,0
998,1.25,125
999,1.26,0
1000,1.27,0
1001,1.28,0
1002,1.29,0
1003,1.3,130
1004,1.31,0
1005,1.32,0
1006,1.33,0
1007,1.34,0
1008,1.35,135
1009,1.36,0
1010,1.37,0
1011,1.38,0
1012,1.39,0
1013,1.4,140
1014,1.41,0
1015,1.42,0
1016,1.43,0
1017,1.44,0
1018,1.45,145
1019,1.46,0
1020,1.47,0
1021,1.48,0
1022,1.49,0
1023,1.5,150
1024,1.51,0
1025,1.52,0
1026,1.53,0
1027,1.54,0
1028,1.55,155
1029,1.56,0
1030,1.57,0
1031,1.58,0
1032,1.59,0
1033,1.6,160
1034,1.61,0
1035,1.62,0
1036,1.63,0
1037,1.64,0
1038,1.65,165
1039,1.66,0
1040,1.67,0
1041,1.68,0
1042,1.69,0
1043,1.7,170
1044,1.71,0
1045,1.72,0
1046,1.73,0
1047,1.74,0
1048,1.75,175
1049,1.76,0
1050,1.77,0
1051,1.78,0
1052,1.79,0
1053,1.8,180
1054,1.81,0
1055,1.82,0
1056,1.83,0
1057,1.84,0
1058,1.85,185
1059,1.86,0
1060,1.87,0
1061,1.88,0
1062,1.89,0
1063,1.9,190
1064,1.91,0
1065,1.92,0
1066,1.93,0
1067,1.94,0
1068,1.95,195
1069,1.96,0
1070,1.97,0
1071,1.98,0
1072,1.99,0
1073,2.0,200
1074,2.01,0
1075,2.02,0
1076,2.03,0
1077,2.04,0
1078,2.05,205
1079,2.06,0
1080,2.07,0
1081,2.08,0
1082,2.09,0
1083,2.1,210
1084,2.11,0
1085,2.12,0
1086,2.13,0
1087,2.14,0
1088,2.15,215
1089,2.16,0
1090,2.17,0
1091,2.18,0
1092,2.19,0
1093,2.2,220
1094,2.21,0
1095,2.22,0
1096,2.23,0
1097,2.24,0
1098,2.25,225
1099,2.26,0
1100,2.27,0
1101,2.28,0
1102,2.29,0
1103,2.3,230
1104,2.31,0
1105,2.32,0
1106,2.33,0
1107,2.34,0
1108,2.35,235
1109,2.36,0
1110,2.37,0
1111,2.38,0
1112,2.39,0
1113,2.4,240
1114,2.41,0
1115,2.42,0
1116,2.43,0
1117,2.44,0
1118,2.45,245
1119,2.46,0
1120,2.47,0
1121,2.48,0
1122,2.49,0
1123,2.5,250
1124,2.51,0
1125,2.52,0
1126,2.53,0
1127,2.54,0
1128,2.55,255
1129,2.56,0
1130,2.57,0
1131,2.58,0
1132,2.59,0
1133,2.6,260
1134,2.61,0
1135,2.62,0
1136,2.63,0
1137,2.64,0
1138,2.65,265
1139,2.66,0
1140,2.67,0
1141,2.68,0
1142,2.69,0
1143,2.7,270
1144,2.71,0
1145,2.72,0
1146,2.73,0
1147,2.74,0
1148,2.75,275
1149,2.76,0
1150,2.77,0
1151,2.78,0
1152,2.79,0
1153,2.8,280
1154,2.81,0
1155,2.82,0
1156,2.83,0
1157,2.84,0
1158,2.85,285
1159,2.86,0
1160,2.87,0
1161,2.88,0
1162,2.89,0
1163,2.9,290
1164,2.91,0
1165,2.92,0
1166,2.93,0
1167,2.94,0
1168,2.95,295
1169,2.96,0
1170,2.97,0
1171,2.98,0
1172,2.99,0
1173,3.0,300
1174,3.01,0
1175,3.02,0
1176,3.03,0
1177,3.04,0
1178,3.05,305
1179,3.06,0
1180,3.07,0
1181,3.08,0
1182,3.09,0
1183,3.1,310
1184,3.11,0
1185,3.12,0
1186,3.13,0
1187,3.14,0
1188,3.15,315
1189,3.16,0
1190,3.17,0
1191,3.18,0
1192,3.19,0
1193,3.2,320
1194,3.21,0
1195,3.22,0
1196,3.23,0
1197,3.24,0
1198,3.25,325
1199,3.26,0
1200,3.27,0
1201,3.28,0
1202,3.29,0
1203,3.3,330
1204,3.31,0
1205,3.32,0
1206,3.33,0
1207,3.34,0
1208,3.35,335
1209,3.36,0
1210,3.37,0
1211,3.38,0
1212,3.39,0
1213,3.4,340
1214,3.41,0
1215,3.42,0
1216,3.43,0
1217,3.44,0
1218,3.45,345
1219,3.46,0
1220,3.47,0
1221,3.48,0
1222,3.49,0
1223,3.5,350
1224,3.51,0
1225,3.52,0
1226,3.53,0
1227,3.54,0
1228,3.55,355
1229,3.56,0
1230,3.57,0
1231,3.58,0
1232,3.59,0
1233,3.6,360
1234,3.61,0
1235,3.62,0
1236,3.63,0
1237,3.64,0
1238,3.65,365
1239,3.66,0
1240,3.67,0
1241,3.68,0
1242,3.69,0
1243,3.7,370
1244,3.71,0
1245,3.72,0
1246,3.73,0
1247,3.74,0
1248,3.75,375
1249,3.76,0
1250,3.77,0
1251,3.78,0
1252,3.79,0
1253,3.8,380
1254,3.81,0
1255,3.82,0
1256,3.83,0
1257,3.84,0
1258,3.85,385
1259,3.86,0
1260,3.87,0
1261,3.88,0
1262,3.89,0
1263,3.9,390
1264,3.91,0
1265,3.92,0
1266,3.93,0
1267,3.94,0
1268,3.95,395
1269,3.96,0
1270,3.97,0
1271,3.98,0
1272,3.99,0
1273,4.0,400
1274,4.01,0
1275,4.02,0
1276,4.03,0
1277,4.04,0
1278,4.05,405
1279,4.06,0
1280,4.07,0
1281,4.08,0
1282,4.09,0
1283,4.1,410
1284,4.11,0
1285,4.12,0
1286,4.13,0
1287,4.14,0
1288,4.15,415
1289,4.16,0
1290,4.17,0
1291,4.18,0
1292,4.19,0
1293,4.2,420
1294,4.21,0
1295,4.22,0
1296,4.23,0
1297,4.24,0
1298,4.25,425
1299,4.26,0
1300,4.27,0
1301,4.28,0
1302,4.29,0
1303,4.3,430
1304,4.31,0
1305,4.32,0
1306,4.33,0
1307,4.34,0
1308,4.35,435
1309,4.36,0
1310,4.37,0
1311,4.38,0
1312,4.39,0
1313,4.4,440
1314,4.41,0
1315,4.42,0
1316,4.43,0
1317,4.44,0
1318,4.45,445
1319,4.46,0
1320,4.47,0
1321,4.48,0
1322,4.49,0
1323,4.5,450
1324,4.51,0
1325,4.52,0
1326,4.53,0
1327,4.54,0
1328,4.55,455
1329,4.56,0
1330,4.57,0
1331,4.58,0
1332,4.59,0
1333,4.6,460
1334,4.61,0
1335,4.62,0
1336,4.63,0
1337,4.64,0
1338,4.65,465
1339,4.66,0
1340,4.67,0
1341,4.68,0
1342,4.69,0
1343,4.7,470
1344,4.71,0
1345,4.72,0
1346,4.73,0
1347,4.74,0
1348,4.75,475
1349,4.76,0
1350,4.77,0
1351,4.78,0
1352,4.79,0
1353,4.8,480
1354,4.81,0
1355,4.82,0
1356,4.83,0
1357,4.84,0
1358,4.85,485
1359,4.86,0
1360,4.87,0
1361,4.88,0
1362,4.89,0
1363,4.9,490
1364,4.91,0
1365,4.92,0
1366,4.93,0
1367,4.94,0
1368,4.95,495
1369,4.96,0
1370,4.97,0
1371,4.98,0
1372,4.99,0
1373,5.0,500
1374,5.01,0
1375,5.02,0
1376,5.03,0
1377,5.04,0
1378,5.05,505
1379,5.06,0
1380,5.07,0
1381,5.08,0
1382,5.09,0
1383,5.1,510
1384,5.11,0
1385,5.12,0
1386,5.13,0
1387,5.14,0
1388,5.15,515
1389,5.16,0
1390,5.17,0
1391,5.18,0
1392,5.19,0
1393,5.2,520
1394,5.21,0
1395,5.22,0
1396,5.23,0
1397,5.24,0
1398,5.25,525
1399,5.26,0
1400,5.27,0
1401,5.28,0
1402,5.29,0
1403,5.3,530
1404,5.31,0
1405,5.32,0
1406,5.33,0
1407,5.34,0
1408,5.35,535
1409,5.36,0
1410,5.37,0
1411,5.38,0
1412,5.39,0
1413,5.4,540
1414,5.41,0
1415,5.42,0
1416,5.43,0
1417,5.44,0
1418,5.45,545
1419,5.46,0
1420,5.47,0
1421,5.48,0
1422,5.49,0
1423,5.5,550
1424,5.51,0
1425,5.52,0
1426,5.53,0
1427,5.54,0
1428,5.55,555
1429,5.56,0
1430,5.57,0
1431,5.58,0
1432,5.59,0
1433,5.6,560
1434,5.61,0
1435,5.62,0
1436,5.63,0
1437,5.64,0
1438,5.65,565
1439,5.66,0
1440,5.67,0
1441,5.68,0
1442,5.69,0
1443,5.7,570
1444,5.71,0
1445,5.72,0
1446,5.73,0
1447,5.74,0
1448,5.75,575
1449,5.76,0
1450,5.77,0
1451,5.78,0
1452,5.79,0
1453,5.8,580
1454,5.81,0
1455,5.82,0
1456,5.83,0
1457,5.84,0
1458,5.85,585
1459,5.86,0
1460,5.87,0
1461,5.88,0
1462,5.89,0
1463,5.9,590
1464,5.91,0
1465,5.92,0
1466,5.93,0
1467,5.94,0
1468,5.95,595
1469,5.96,0
1470,5.97,0
1471,5.98,0
1472,5.99,0
1473,6.0,600
1474,6.01,0
1475,6.02,0
1476,6.03,0
1477,6.04,0
1478,6.05,605
1479,6.06,0
1480,6.07,0
1481,6.08,0
1482,6.09,0
1483,6.1,610
1484,6.11,0
1485,6.12,0
1486,6.13,0
1487,6.14,0
1488,6.15,615
1489,6.16,0
1490,6.17,0
1491,6.18,0
1492,6.19,0
1493,6.2,620
1494,6.21,0
1495,6.22,0
1496,6.23,0
1497,6.24,0
1498,6.25,625
1499,6.26,0
1500,6.27,0
1501,6.28,0
1502,6.29,0
1503,6.3,630
1504,6.31,0
1505,6.32,0
1506,6.33,0
1507,6.34,0
1508,6.35,635
1509,6.36,0
1510,6.37,0
1511,6.38,0
1512,6.39,0
1513,6.4,640
1514,6.41,0
1515,6.42,0
1516,6.43,0
1517,6.44,0
1518,6.45,645
1519,6.46,0
1520,6.47,0
1521,6.48,0
1522,6.49,0
1523,6.5,650
1524,6.51,0
1525,6.52,0
1526,6.53,0
1527,6.54,0
1528,6.55,655
1529,6.56,0
1530,6.57,0
1531,6.58,0
1532,6.59,0
1533,6.6,660
1534,6.61,0
1535,6.62,0
1536,6.63,0
1537,6.64,0
1538,6.65,665
1539,6.66,0
1540,6.67,0
1541,6.68,0
1542,6.69,0
1543,6.7,670
1544,6.71,0
1545,6.72,0
1546,6.73,0
1547,6.74,0
1548,6.75,675
1549,6.76,0
1550,6.77,0
1551,6.78,0
1552,6.79,0
1553,6.8,680
1554,6.81,0
1555,6.82,0
1556,6.83,0
1557,6.84,0
1558,6.85,685
1559,6.86,0
1560,6.87,0
1561,6.88,0
1562,6.89,0
1563,6.9,690
1564,6.91,0
1565,6.92,0
1566,6.93,0
1567,6.94,0
1568,6.95,695
1569,6.96,0
1570,6.97,0
1571,6.98,0
1572,6.99,0
1573,7.0,700
1574,7.01,0
1575,7.02,0
1576,7.03,0
1577,7.04,0
1578,7.05,705
1579,7.06,0
1580,7.07,0
1581,7.08,0
1582,7.09,0
1583,7.1,710
1584,7.11,0
1585,7.12,0
1586,7.13,0
1587,7.14,0
1588,7.15,715
1589,7.16,0
1590,7.17,0
1591,7.18,0
1592,7.19,0
1593,7.2,720
1594,7.21,0
1595,7.22,0
1596,7.23,0
1597,7.24,0
1598,7.25,725
1599,7.26,0
1600,7.27,0
1601,7.28,0
1602,7.29,0
1603,7.3,730
1604,7.31,0
1605,7.32,0
1606,7.33,0
1607,7.34,0
1608,7.35,735
1609,7.36,0
1610,7.37,0
1611,7.38,0
1612,7.39,0
1613,7.4,740
1614,7.41,0
1615,7.42,0
1616,7.43,0
1617,7.44,0
1618,7.45,745
1619,7.46,0
1620,7.47,0
1621,7.48,0
1622,7.49,0
1623,7.5,750
1624,7.51,0
1625,7.52,0
1626,7.53,0
1627,7.54,0
1628,7.55,755
1629,7.56,0
1630,7.57,0
1631,7.58,0
1632,7.59,0
1633,7.6,760
1634,7.61,0
1635,7.62,0
1636,7.63,0
1637,7.64,0
1638,7.65,765
1639,7.66,0
1640,7.67,0
1641,7.68,0
1642,7.69,0
1643,7.7,770
1644,7.71,0
1645,7.72,0
1646,7.73,0
1647,7.74,0
1648,7.75,775
1649,7.76,0
1650,7.77,0
1651,7.78,0
1652,7.79,0
1653,7.8,780
1654,7.81,0
1655,7.82,0
1656,7.83,0
1657,7.84,0
1658,7.85,785
1659,7.86,0
1660,7.87,0
1661,7.88,0
1662,7.89,0
1663,7.9,790
1664,7.91,0
1665,7.92,0
1666,7.93,0
1667,7.94,0
1668,7.95,795
1669,7.96,0
1670,7.97,0
1671,7.98,0
1672,7.99,0
1673,8.0,800
1674,8.01,0
1675,8.02,0
1676,8.03,0
1677,8.04,0
1678,8.05,805
1679,8.06,0
1680,8.07,0
1681,8.08,0
1682,8.09,0
1683,8.1,810
1684,8.11,0
1685,8.12,0
1686,8.13,0
1687,8.14,0
1688,8.15,815
1689,8.16,0
1690,8.17,0
1691,8.18,0
1692,8.19,0
1693,8.2,820
1694,8.21,0
1695,8.22,0
1696,8.23,0
1697,8.24,0
1698,8.25,825
1699,8.26,0
1700,8.27,0
1701,8.28,0
1702,8.29,0
1703,8.3,830
1704,8.31,0
1705,8.32,0
1706,8.33,0
1707,8.34,0
1708,8.35,835
1709,8.36,0
1710,8.37,0
1711,8.38,0
1712,8.39,0
1713,8.4,840
1714,8.41,0
1715,8.42,0
1716,8.43,0
1717,8.44,0
1718,8.45,845
1719,8.46,0
1720,8.47,0
1721,8.48,0
1722,8.49,0
1723,8.5,850
1724,8.51,0
1725,8.52,0
1726,8.53,0
1727,8.54,0
1728,8.55,855
1729,8.56,0
1730,8.57,0
1731,8.58,0
1732,8.59,0
1733,8.6,860
1734,8.61,0
1735,8.62,0
1736,8.63,0
1737,8.64,0
1738,8.65,865
1739,8.66,0
1740,8.67,0
1741,8.68,0
1742,8.69,0
1743,8.7,870
1744,8.71,0
1745,8.72,0
1746,8.73,0
1747,8.74,0
1748,8.75,875
1749,8.76,0
1750,8.77,0
1751,8.78,0
1752,8.79,0
1753,8.8,880
1754,8.81,0
1755,8.82,0
1756,8.83,0
1757,8.84,0
1758,8.85,885
1759,8.86,0
1760,8.87,0
1761,8.88,0
1762,8.89,0
1763,8.9,890
1764,8.91,0
1765,8.92,0
1766,8.93,0
1767,8.94,0
1768,8.95,895
1769,8.96,0
1770,8.97,0
1771,8.98,0
1772,8.99,0
1773,9.0,900
1774,9.01,0
1775,9.02,0
1776,9.03,0
1777,9.04,0
1778,9.05,905
1779,9.06,0
1780,9.07,0
1781,9.08,0
1782,9.09,0
1783,9.1,910
1784,9.11,0
1785,9.12,0
1786,9.13,0
1787,9.14,0
1788,9.15,915
1789,9.16,0
1790,9.17,0
1791,9.18,0
1792,9.19,0
1793,9.2,920
1794,9.21,0
1795,9.22,0
1796,9.23,0
1797,9.24,0
1798,9.25,925
1799,9.26,0
1800,9.27,0
1801,9.28,0
1802,9.29,0
1803,9.3,930
1804,9.31,0
1805,9.32,0
1806,9.33,0
1807,9.34,0
1808,9.35,935
1809,9.36,0
1810,9.37,0
1811,9.38,0
1812,9.39,0
1813,9.4,940
1814,9.41,0
1815,9.42,0
1816,9.43,0
1817,9.44,0
1818,9.45,945
1819,9.46,0
1820,9.47,0
1821,9.48,0
1822,9.49,0
1823,9.5,950
1824,9.51,0
1825,9.52,0
1826,9.53,0
1827,9.54,0
1828,9.55,955
1829,9.56,0
1830,9.57,0
1831,9.58,0
1832,9.59,0
1833,9.6,960
1834,9.61,0
1835,9.62,0
1836,9.63,0
1837,9.64,0
1838,9.65,965
1839,9.66,0
1840,9.67,0
1841,9.68,0
1842,9.69,0
1843,9.7,970
1844,9.71,0
1845,9.72,0
1846,9.73,0
1847,9.74,0
1848,9.75,975
1849,9.76,0
1850,9.77,0
1851,9.78,0
1852,9.79,0
1853,9.8,980
1854,9.81,0
1855,9.82,0
1856,9.83,0
1857,9.84,0
1858,9.85,985
1859,9.86,0
1860,9.87,0
1861,9.88,0
1862,9.89,0
1863,9.9,990
1864,9.91,0
1865,9.92,0
1866,9.93,0
1867,9.94,0
1868,9.95,995
1869,9.96,0
1870,9.97,0
1871,9.98,0
1872,9.99,0
1873,10.0,1000
1874,10.01,0
1875,10.02,0
1876,10.03,0
1877,10.04,0
1878,10.05,1005
1879,10.06,0
1880,10.07,0
1881,10.08,0
1882,10.09,0
1883,10.1,1010
1884,10.11,0
1885,10.12,0
1886,10.13,0
1887,10.14,0
1888,10.15,1015
1889,10.16,0
1890,10.17,0
1891,10.18,0
1892,10.19,0
1893,10.2,1020
1894,10.21,0
1895,10.22,0
1896,10.23,0
1897,10.24,0
1898,10.25,1025
1899,10.26,0
1900,10.27,0
1901,10.28,0
1902,10.29,0
1903,10.3,1030
1904,10.31,0
1905,10.32,0
1906,10.33,0
1907,10.34,0
1908,10.35,1035
1909,10.36,0
1910,10.37,0
1911,10.38,0
1912,10.39,0
1913,10.4,1040
1914,10.41,0
1915,10.42,0
1916,10.43,0
1917,10.44,0
1918,10.45,1045
1919,10.46,0
1920,10.47,0
1921,10.48,0
1922,10.49,0
1923,10.5,1050
1924,10.51,0
1925,10.52,0
1926,10.53,0
1927,10.54,0
1928,10.55,1055
1929,10.56,0
1930,10.57,0
1931,10.58,0
1932,10.59,0
1933,10.6,1060
1934,10.61,0
1935,10.62,0
1936,10.63,0
1937,10.64,0
1938,10.65,1065
1939,10.66,0
1940,10.67,0
1941,10.68,0
1942,10.69,0
1943,10.7,1070
1944,10.71,0
1945,10.72,0
1946,10.73,0
1947,10.74,0
1948,10.75,1075
1949,10.76,0
1950,10.77,0
1951,10.78,0
1952,10.79,0
1953,10.8,1080
1954,10.81,0
1955,10.82,0
1956,10.83,0
1957,10.84,0
1958,10.85,1085
1959,10.86,0
1960,10.87,0
1961,10.88,0
1962,10.89,0
1963,10.9,1090
1964,10.91,0
1965,10.92,0
1966,10.93,0
1967,10.94,0
1968,10.95,1095
1969,10.96,0
1970,10.97,0
1971,10.98,0
1972,10.99,0
1973,11.0,1100
1974,11.01,0
1975,11.02,0
1976,11.03,0
1977,11.04,0
1978,11.05,1105
1979,11.06,0
1980,11.07,0
1981,11.08,0
1982,11.09,0
1983,11.1,1110
1984,11.11,0
1985,11.12,0
1986,11.13,0
1987,11.14,0
1988,11.15,1115
1989,11.16,0
1990,11.17,0
1991,11.18,0
1992,11.19,0
1993,11.2,1120
1994,11.21,0
1995,11.22,0
1996,11.23,0
1997,11.24,0
1998,11.25,1125
1999,11.26,0
2000,11.27,0
2001,11.28,0
2002,11.29,0
2003,11.3,1130
2004,11.31,0
2005,11.32,0
2006,11.33,0
2007,11.34,0
2008,11.35,1135
2009,11.36,0
2010,11.37,0
2011,11.38,0
2012,11.39,0
2013,11.4,1140
2014,11.41,0
2015,11.42,0
2016,11.43,0
2017,11.44,0
2018,11.45,1145
2019,11.46,0
2020,11.47,0
2021,11.48,0
2022,11.49,0
2023,11.5,1150
2024,11.51,0
2025,11.52,0
2026,11.53,0
2027,11.54,0
2028,11.55,1155
2029,11.56,0
2030,11.57,0
2031,11.58,0
2032,11.59,0
2033,11.6,1160
2034,11.61,0
2035,11.62,0
2036,11.63,0
2037,11.64,0
2038,11.65,1165
2039,11.66,0
2040,11.67,0
2041,11.68,0
2042,11.69,0
2043,11.7,1170
2044,11.71,0
2045,11.72,0
2046,11.73,0
2047,11.74,0
2048,11.75,1175
2049,11.76,0
2050,11.77,0
2051,11.78,0
2052,11.79,0
2053,11.8,1180
2054,11.81,0
2055,11.82,0
2056,11.83,0
2057,11.84,0
2058,11.85,1185
2059,11.86,0
2060,11.87,0
2061,11.88,0
2062,11.89,0
2063,11.9,1190
2064,11.91,0
2065,11.92,0
2066,11.93,0
2067,11.94,0
2068,11.95,1195
2069,11.96,0
2070,11.97,0
2071,11.98,0
2072,11.99,0
2073,12.0,1200
2074,12.01,0
2075,12.02,0
2076,12.03,0
2077,12.04,0
2078,12.05,1205
2079,12.06,0
2080,12.07,0
2081,12.08,0
2082,12.09,0
2083,12.1,1210
2084,12.11,0
2085,12.12,0
2086,12.13,0
2087,12.14,0
2088,12.15,1215
2089,12.16,0
2090,12.17,0
2091,12.18,0
2092,12.19,0
2093,12.2,1220
2094,12.21,0
2095,12.22,0
2096,12.23,0
2097,12.24,0
2098,12.25,1225
2099,12.26,0
2100,12.27,0
2101,12.28,0
2102,12.29,0
2103,12.3,1230
2104,12.31,0
2105,12.32,0
2106,12.33,0
2107,12.34,0
2108,12.35,1235
2109,12.36,0
2110,12.37,0
2111,12.38,0
2112,12.39,0
2113,12.4,1240
2114,12.41,0
2115,12.42,0
2116,12.43,0
2117,12.44,0
2118,12.45,1245
2119,12.46,0
2120,12.47,0
2121,12.48,0
2122,12.49,0
2123,12.5,1250
2124,12.51,0
2125,12.52,0
2126,12.53,0
2127,12.54,0
2128,12.55,1255
2129,12.56,0
2130,12.57,0
2131,12.58,0
2132,12.59,0
2133,12.6,1260
2134,12.61,0
2135,12.62,0
2136,12.63,0
2137,12.64,0
2138,12.65,1265
2139,12.66,0
2140,12.67,0
2141,12.68,0
2142,12.69,0
2143,12.7,1270
2144,12.71,0
2145,12.72,0
2146,12.73,0
2147,12.74,0
2148,12.75,1275
2149,12.76,0
2150,12.77,0
2151,12.78,0
2152,12.79,0
2153,12.8,1280
2154,12.81,0
2155,12.82,0
2156,12.83,0
2157,12.84,0
2158,12.85,1285
2159,12.86,0
2160,12.87,0
2161,12.88,0
2162,12.89,0
2163,12.9,1290
2164,12.91,0
2165,12.92,0
2166,12.93,0
2167,12.94,0
2168,12.95,1295
2169,12.96,0
2170,12.97,0
2171,12.98,0
2172,12.99,0
2173,13.0,1300
2174,13.01,0
2175,13.02,0
2176,13.03,0
2177,13.04,0
2178,13.05,1305
2179,13.06,0
2180,13.07,0
2181,13.08,0
2182,13.09,0
2183,13.1,1310
2184,13.11,0
2185,13.12,0
2186,13.13,0
2187,13.14,0
2188,13.15,1315
2189,13.16,0
2190,13.17,0
2191,13.18,0
2192,13.19,0
2193,13.2,1320
2194,13.21,0
2195,13.22,0
2196,13.23,0
2197,13.24,0
2198,13.25,1325
2199,13.26,0
2200,13.27,0
2201,13.28,0
2202,13.29,0
2203,13.3,1330
2204,13.31,0
2205,13.32,0
2206,13.33,0
2207,13.34,0
2208,13.35,1335
2209,13.36,0
2210,13.37,0
2211,13.38,0
2212,13.39,0
2213,13.4,1340
2214,13.41,0
2215,13.42,0
2216,13.43,0
2217,13.44,0
2218,13.45,1345
2219,13.46,0
2220,13.47,0
2221,13.48,0
2222,13.49,0
2223,13.5,1350
2224,13.51,0
2225,13.52,0
2226,13.53,0
2227,13.54,0
2228,13.55,1355
2229,13.56,0
2230,13.57,0
2231,13.58,0
2232,13.59,0
2233,13.6,1360
2234,13.61,0
2235,13.62,0
2236,13.63,0
2237,13.64,0
2238,13.65,1365
2239,13.66,0
2240,13.67,0
2241,13.68,0
2242,13.69,0
2243,13.7,1370
2244,13.71,0
2245,13.72,0
2246,13.73,0
2247,13.74,0
2248,13.75,1375
2249,13.76,0
2250,13.77,0
2251,13.78,0
2252,13.79,0
2253,13.8,1380
2254,13.81,0
2255,13.82,0
2256,13.83,0
2257,13.84,0
2258,13.85,1385
2259,13.86,0
2260,13.87,0
2261,13.88,0
2262,13.89,0
2263,13.9,1390
2264,13.91,0
2265,13.92,0
2266,13.93,0
2267,13.94,0
2268,13.95,1395
2269,13.96,0
2270,13.97,0
2271,13.98,0
2272,13.99,0
2273,14.0,1400
2274,14.01,0
2275,14.02,0
2276,14.03,0
2277,14.04,0
2278,14.05,1405
2279,14.06,0
2280,14.07,0
2281,14.08,0
2282,14.09,0
2283,14.1,1410
2284,14.11,0
2285,14.12,0
2286,14.13,0
2287,14.14,0
2288,14.15,1415
2289,14.16,0
2290,14.17,0
2291,14.18,0
2292,14.19,0
2293,14.2,1420
2294,14.21,0
2295,14.22,0
2296,14.23,0
2297,14.24,0
2298,14.25,1425
2299,14.26,0
2300,14.27,0
2301,14.28,0
2302,14.29,0
2303,14.3,1430
2304,14.31,0
2305,14.32,0
2306,14.33,0
2307,14.34,0
2308,14.35,1435
2309,14.36,0
2310,14.37,0
2311,14.38,0
2312,14.39,0
2313,14.4,1440
2314,14.41,0
2315,14.42,0
2316,14.43,0
2317,14.44,0
2318,14.45,1445
2319,14.46,0
2320,14.47,0
2321,14.48,0
2322,14.49,0
2323,14.5,1450
2324,14.51,0
2325,14.52,0
2326,14.53,0
2327,14.54,0
2328,14.55,1455
2329,14.56,0
2330,14.57,0
2331,14.58,0
2332,14.59,0
2333,14.6,1460
2334,14.61,0
2335,14.62,0
2336,14.63,0
2337,14.64,0
2338,14.65,1465
2339,14.66,0
2340,14.67,0
2341,14.68,0
2342,14.69,0
2343,14.7,1470
2344,14.71,0
2345,14.72,0
2346,14.73,0
2347,14.74,0
2348,14.75,1475
2349,14.76,0
2350,14.77,0
2351,14.78,0
2352,14.79,0
2353,14.8,1480
2354,14.81,0
2355,14.82,0
2356,14.83,0
2357,14.84,0
2358,14.85,1485
2359,14.86,0
2360,14.87,0
2361,14.88,0
2362,14.89,0
2363,14.9,1490
2364,14.91,0
2365,14.92,0
2366,14.93,0
2367,14.94,0
2368,14.95,1495
2369,14.96,0
2370,14.97,0
2371,14.98,0
2372,14.99,0
2373,15.0,1500
2374,15.01,0
2375,15.02,0
2376,15.03,0
2377,15.04,0
2378,15.05,1505
2379,15.06,0
2380,15.07,0
2381,15.08,0
2382,15.09,0
2383,15.1,1510
2384,15.11,0
2385,15.12,0
2386,15.13,0
2387,15.14,0
2388,15.15,1515
2389,15.16,0
2390,15.17,0
2391,15.18,0
2392,15.19,0
2393,15.2,1520
2394,15.21,0
2395,15.22,0
2396,15.23,0
2397,15.24,0
2398,15.25,1525
2399,15.26,0
2400,15.27,0
2401,15.28,0
2402,15.29,0
2403,15.3,1530
2404,15.31,0
2405,15.32,0
2406,15.33,0
2407,15.34,0
2408,15.35,1535
2409,15.36,0
2410,15.37,0
2411,15.38,0
2412,15.39,0
2413,15.4,1540
2414,15.41,0
2415,15.42,0
2416,15.43,0
2417,15.44,0
2418,15.45,1545
2419,15.46,0
2420,15.47,0
2421,15.48,0
2422,15.49,0
2423,15.5,1550
2424,15.51,0
2425,15.52,0
2426,15.53,0
2427,15.54,0
2428,15.55,1555
2429,15.56,0
2430,15.57,0
2431,15.58,0
2432,15.59,0
2433,15.6,1560
2434,15.61,0
2435,15.62,0
2436,15.63,0
2437,15.64,0
2438,15.65,1565
2439,15.66,0
2440,15.67,0
2441,15.68,0
2442,15.69,0
2443,15.7,1570
2444,15.71,0
2445,15.72,0
2446,15.73,0
2447,15.74,0
2448,15.75,1575
2449,15.76,0
2450,15.77,0
2451,15.78,0
2452,15.79,0
2453,15.8,1580
2454,15.81,0
2455,15.82,0
2456,15.83,0
2457,15.84,0
2458,15.85,1585
2459,15.86,0
2460,15.87,0
2461,15.88,0
2462,15.89,0
2463,15.9,1590
2464,15.91,0
2465,15.92,0
2466,15.93,0
2467,15.94,0
2468,15.95,1595
2469,15.96,0
2470,15.97,0
2471,15.98,0
2472,15.99,0
2473,16.0,1600
2474,16.01,0
2475,16.02,0
2476,16.03,0
2477,16.04,0
2478,16.05,1605
2479,16.06,0
2480,16.07,0
2481,16.08,0
2482,16.09,0
2483,16.1,1610
2484,16.11,0
2485,16.12,0
2486,16.13,0
2487,16.14,0
2488,16.15,1615
2489,16.16,0
2490,16.17,0
2491,16.18,0
2492,16.19,0
2493,16.2,1620
2494,16.21,0
2495,16.22,0
2496,16.23,0
2497,16.24,0
2498,16.25,1625
2499,16.26,0
2500,16.27,0
2501,16.28,0
2502,16.29,0
2503,16.3,1630
2504,16.31,0
2505,16.32,0
2506,16.33,0
2507,16.34,0
2508,16.35,1635
2509,16.36,0
2510,16.37,0
2511,16.38,0
2512,16.39,0
2513,16.4,1640
2514,16.41,0
2515,16.42,0
2516,16.43,0
2517,16.44,0
2518,16.45,1645
2519,16.46,0
2520,16.47,0
2521,16.48,0
2522,16.49,0
2523,16.5,1650
2524,16.51,0
2525,16.52,0
2526,16.53,0
2527,16.54,0
2528,16.55,1655
2529,16.56,0
2530,16.57,0
2531,16.58,0
2532,16.59,0
2533,16.6,1660
2534,16.61,0
2535,16.62,0
2536,16.63,0
2537,16.64,0
2538,16.65,1665
2539,16.66,0
2540,16.67,0
2541,16.68,0
2542,16.69,0
2543,16.7,1670
2544,16.71,0
2545,16.72,0
2546,16.73,0
2547,16.74,0
2548,16.75,1675
2549,16.76,0
2550,16.77,0
2551,16.78,0
2552,16.79,0
2553,16.8,1680
2554,16.81,0
2555,16.82,0
2556,16.83,0
2557,16.84,0
2558,16.85,1685
2559,16.86,0
2560,16.87,0
2561,16.88,0
2562,16.89,0
2563,16.9,1690
2564,16.91,0
2565,16.92,0
2566,16.93,0
2567,16.94,0
2568,16.95,1695
2569,16.96,0
2570,16.97,0
2571,16.98,0
2572,16.99,0
2573,17.0,1700
2574,17.01,0
2575,17.02,0
2576,17.03,0
2577,17.04,0
2578,17.05,1705
2579,17.06,0
2580,17.07,0
2581,17.08,0
2582,17.09,0
2583,17.1,1710
2584,17.11,0
2585,17.12,0
2586,17.13,0
2587,17.14,0
2588,17.15,1715
2589,17.16,0
2590,17.17,0
2591,17.18,0
2592,17.19,0
2593,17.2,1720
2594,17.21,0
2595,17.22,0
2596,17.23,0
2597,17.24,0
2598,17.25,1725
2599,17.26,0
2600,17.27,0
2601,17.28,0
2602,17.29,0
2603,17.3,1730
2604,17.31,0
2605,17.32,0
2606,17.33,0
2607,17.34,0
2608,17.35,1735
2609,17.36,0
2610,17.37,0
2611,17.38,0
2612,17.39,0
2613,17.4,1740
2614,17.41,0
2615,17.42,0
2616,17.43,0
2617,17.44,0
2618,17.45,1745
2619,17.46,0
2620,17.47,0
2621,17.48,0
2622,17.49,0
2623,17.5,1750
2624,17.51,0
2625,17.52,0
2626,17.53,0
2627,17.54,0
2628,17.55,1755
2629,17.56,0
2630,17.57,0
2631,17.58,0
2632,17.59,0
2633,17.6,1760
2634,17.61,0
2635,17.62,0
2636,17.63,0
2637,17.64,0
2638,17.65,1765
2639,17.66,0
2640,17.67,0
2641,17.68,0
2642,17.69,0
2643,17.7,1770
2644,17.71,0
2645,17.72,0
2646,17.73,0
2647,17.74,0
2648,17.75,1775
2649,17.76,0
2650,17.77,0
2651,17.78,0
2652,17.79,0
2653,17.8,1780
2654,17.81,0
2655,17.82,0
2656,17.83,0
2657,17.84,0
2658,17.85,1785
2659,17.86,0
2660,17.87,0
2661,17.88,0
2662,17.89,0
2663,17.9,1790
2664,17.91,0
2665,17.92,0
2666,17.93,0
2667,17.94,0
2668,17.95,1795
2669,17.96,0
2670,17.97,0
2671,17.98,0
2672,17.99,0
2673,18.0,1800
2674,18.01,0
2675,18.02,0
2676,18.03,0
2677,18.04,0
2678,18.05,1805
2679,18.06,0
2680,18.07,0
2681,18.08,0
2682,18.09,0
2683,18.1,1810
2684,18.11,0
2685,18.12,0
2686,18.13,0
2687,18.14,0
2688,18.15,1815
2689,18.16,0
2690,18.17,0
2691,18.18,0
2692,18.19,0
2693,18.2,1820
2694,18.21,0
2695,18.22,0
2696,18.23,0
2697,18.24,0
2698,18.25,1825
2699,18.26,0
2700,18.27,0
2701,18.28,0
2702,18.29,0
2703,18.3,1830
2704,18.31,0
2705,18.32,0
2706,18.33,0
2707,18.34,0
2708,18.35,1835
2709,18.36,0
2710,18.37,0
2711,18.38,0
2712,18.39,0
2713,18.4,1840
2714,18.41,0
2715,18.42,0
2716,18.43,0
2717,18.44,0
2718,18.45,1845
2719,18.46,0
2720,18.47,0
2721,18.48,0
2722,18.49,0
2723,18.5,1850
2724,18.51,0
2725,18.52,0
2726,18.53,0
2727,18.54,0
2728,18.55,1855
2729,18.56,0
2730,18.57,0
2731,18.58,0
2732,18.59,0
2733,18.6,1860
2734,18.61,0
2735,18.62,0
2736,18.63,0
2737,18.64,0
2738,18.65,1865
2739,18.66,0
2740,18.67,0
2741,18.68,0
2742,18.69,0
2743,18.7,1870
2744,18.71,0
2745,18.72,0
2746,18.73,0
2747,18.74,0
2748,18.75,1875
2749,18.76,0
2750,18.77,0
2751,18.78,0
2752,18.79,0
2753,18.8,1880
2754,18.81,0
2755,18.82,0
2756,18.83,0
2757,18.84,0
2758,18.85,1885
2759,18.86,0
2760,18.87,0
2761,18.88,0
2762,18.89,0
2763,18.9,1890
2764,18.91,0
2765,18.92,0
2766,18.93,0
2767,18.94,0
2768,18.95,1895
2769,18.96,0
2770,18.97,0
2771,18.98,0
2772,18.99,0
2773,19.0,1900
2774,19.01,0
2775,19.02,0
2776,19.03,0
2777,19.04,0
2778,19.05,1905
2779,19.06,0
2780,19.07,0
2781,19.08,0
2782,19.09,0
2783,19.1,1910
2784,19.11,0
2785,19.12,0
2786,19.13,0
2787,19.14,0
2788,19.15,1915
